Latitude,Longitude,Magnitude,Event_Date
28.9553833,-97.94014246,2.508384648,2016-12-20
32.71087646,-98.00340606,1.34568779,2016-12-31
32.85461426,-96.93907203,2.046221503,2017-01-07
32.69348145,-97.30778392,1.901215261,2017-01-08
32.67059326,-97.24668921,2.197399251,2017-01-10
31.4835,-103.5758333,1.26699133,2017-01-13
32.70904541,-97.3131431,1.845688341,2017-01-25
31.41265869,-103.4719179,1.870600476,2017-01-26
31.21124268,-103.208246,2.560224,2017-01-27
32.22015381,-97.21239043,1.694131041,2017-01-28
31.42399519,-103.497691,2.181307628,2017-02-05
31.44216667,-103.4691667,1.280439016,2017-02-05
31.07700275,-103.4973848,0.81866447,2017-02-06
31.00803695,-103.4557381,1.49769799,2017-02-06
31.43318951,-103.5030542,0.8619223,2017-02-07
31.25802721,-103.4254504,1.790589878,2017-02-07
31.04826031,-103.299549,1.833104497,2017-02-07
31.25763748,-103.5685433,0.890224528,2017-02-09
31.49202045,-103.6093967,1.506222016,2017-02-09
32.69439697,-97.29599371,1.706411645,2017-02-10
32.07733154,-102.2393054,1.852849349,2017-02-10
31.08878716,-103.3443754,1.020395661,2017-02-10
31.40377989,-103.5138072,2.109097083,2017-02-11
31.34861821,-103.4902307,1.538269172,2017-02-11
31.0949227,-103.4893479,2.32559835,2017-02-11
31.52491554,-103.3299385,2.085914981,2017-02-11
31.09768307,-103.494696,1.284870343,2017-02-12
31.41846129,-103.4665578,2.557905145,2017-02-13
31.11975063,-103.5107352,1.319297348,2017-02-13
31.00635546,-103.2617139,1.810900065,2017-02-13
31.52409801,-103.7233527,2.23657238,2017-02-13
31.44882447,-103.5911154,1.537608474,2017-02-14
31.31458264,-103.4527185,0.945727453,2017-02-14
31.14365339,-103.5224989,1.691709506,2017-02-14
31.13169695,-103.503236,1.157502625,2017-02-14
31.13705909,-103.3533646,2.195008861,2017-02-15
32.07550049,-102.2607422,1.630131788,2017-02-15
31.14457567,-103.5353454,1.263491864,2017-02-16
31.13814025,-103.5299946,1.238101759,2017-02-16
31.14227717,-103.5326696,1.006914793,2017-02-16
31.1472582,-103.50164,1.162485527,2017-02-16
31.16799576,-103.4855454,0.821976298,2017-02-16
31.39643423,-103.5492341,2.327502495,2017-02-17
31.11974404,-103.4957511,1.705965312,2017-02-17
31.11606986,-103.5011049,2.420310259,2017-02-17
31.10360437,-103.42567,1.342375151,2017-02-17
31.10917939,-103.5091354,1.689106173,2017-02-18
31.19018116,-103.2568505,1.236338349,2017-02-20
31.01169039,-103.4300763,1.025049098,2017-02-20
31.20294457,-103.5390795,1.590352649,2017-02-20
31.1183157,-103.4299302,1.539950323,2017-02-20
31.48605105,-103.5927394,1.674078242,2017-02-20
31.1781074,-103.4866084,0.933865306,2017-02-20
31.08480735,-103.4818662,1.745451056,2017-02-21
31.45846438,-103.6228058,1.745133477,2017-02-21
31.16755701,-103.5471186,0.879480059,2017-02-22
31.13400553,-103.5380243,1.06510398,2017-02-22
31.09493094,-103.5064681,1.167372741,2017-02-22
31.08488727,-103.2373943,1.328762183,2017-02-23
28.9251709,-97.9597886,2.102168351,2017-02-23
31.09629812,-103.4834617,1.192033723,2017-02-24
31.09583695,-103.6391501,1.462834563,2017-02-24
31.48375528,-103.5825315,1.229384617,2017-02-24
31.11837627,-103.5241143,1.057984774,2017-02-26
31.10181688,-103.4898778,1.117826255,2017-02-27
31.15285065,-103.5567565,1.368655432,2017-02-27
31.16204154,-103.543907,1.197723351,2017-02-27
31.12526938,-103.5214359,2.105677588,2017-02-27
31.26037877,-103.6253534,2.417642387,2017-02-27
31.15928283,-103.5364123,1.56819424,2017-02-27
31.00608825,-103.3616673,1.171270547,2017-02-27
31.11239312,-103.5011072,2.173183949,2017-02-28
31.08619755,-103.5037982,1.418622919,2017-02-28
31.1436537,-103.5235695,1.890890306,2017-03-02
31.39964174,-103.5089786,1.33930722,2017-03-02
31.47347962,-103.3526254,1.404488523,2017-03-03
31.4345676,-103.6184943,2.391097252,2017-03-03
32.73010254,-97.31635861,2.059692982,2017-03-03
31.40557728,-103.4472469,1.671303101,2017-03-05
31.1206694,-103.5096644,1.632201518,2017-03-05
31.00248262,-103.4151233,1.507295996,2017-03-06
31.31367582,-103.4688068,1.401878972,2017-03-06
31.11699308,-103.5107366,1.99916661,2017-03-06
31.12250603,-103.5053822,1.971934054,2017-03-06
31.18809921,-103.3698547,1.701358091,2017-03-06
31.1359344,-103.2506014,1.739084499,2017-03-07
31.11422893,-103.4957549,1.250598399,2017-03-08
31.10502743,-103.4786391,1.353371716,2017-03-10
31.17123428,-103.5546142,1.115266144,2017-03-10
31.42949744,-103.4751373,0.91286484,2017-03-10
31.09125375,-103.5054002,0.925328382,2017-03-10
31.21811281,-103.5588971,1.23695187,2017-03-10
33.097229,-97.01302877,2.199533104,2017-03-10
31.02780237,-103.4594587,1.18617218,2017-03-10
31.09676886,-103.505397,1.277586211,2017-03-14
31.06321227,-103.4920456,1.091490631,2017-03-15
31.44515147,-103.5588944,0.692093089,2017-03-15
30.98778042,-103.4194209,0.990724956,2017-03-15
31.10688074,-103.2116358,1.167347654,2017-03-16
31.120671,-103.5139456,1.486982527,2017-03-17
32.94342041,-100.8930783,0.700901644,2017-03-17
31.11286116,-103.5241164,0.946535272,2017-03-18
31.41386614,-103.467636,2.832919298,2017-03-18
31.40285067,-103.491264,1.551838679,2017-03-18
31.17451655,-103.8791001,1.150358765,2017-03-18
31.05020899,-103.3615752,1.264747786,2017-03-18
31.08160385,-103.5091502,0.868458408,2017-03-19
31.28518624,-103.6435974,1.305209839,2017-03-19
31.06667328,-103.3144742,1.256653702,2017-03-19
32.94891357,-100.8909346,1.37241789,2017-03-19
31.25256904,-103.6183813,0.861937,2017-03-19
32.85552979,-100.9509575,1.412740672,2017-03-19
31.43963286,-103.5298985,1.283483261,2017-03-19
31.1243444,-103.5053811,1.552476671,2017-03-19
31.45990671,-103.5340129,1.095532649,2017-03-20
31.39090749,-103.5041532,1.957187683,2017-03-20
31.3632113,-103.5052024,0.631077109,2017-03-20
31.13574684,-103.4435993,1.299225378,2017-03-20
32.50396729,-97.13521818,1.575963283,2017-03-20
31.320591,-103.5068763,1.985973996,2017-03-20
31.11883225,-103.5128762,1.354918763,2017-03-20
31.12154944,-103.4475859,1.39993353,2017-03-20
31.46813056,-103.5717852,1.215715322,2017-03-20
29.08538818,-97.73127298,2.035534338,2017-03-21
31.55903489,-103.4029749,1.666690691,2017-03-21
31.38080843,-103.5653347,1.160093605,2017-03-22
32.07550049,-102.2628859,1.898361425,2017-03-22
31.12940145,-103.5091246,2.34200967,2017-03-22
31.1698512,-103.5262365,1.293237059,2017-03-22
31.27094798,-103.4918963,1.19304508,2017-03-22
29.10186768,-97.73334099,1.870611686,2017-03-22
29.17877197,-97.77056526,2.396417571,2017-03-22
31.1556068,-103.540696,0.964584969,2017-03-23
31.49061691,-103.6539882,1.685985776,2017-03-23
31.53933748,-103.6486618,2.055909718,2017-03-23
31.1454942,-103.5321334,1.070968423,2017-03-23
32.48748779,-97.15451124,1.547389909,2017-03-23
31.43502642,-103.4998314,1.863758354,2017-03-23
31.40331055,-103.4918004,1.785845796,2017-03-24
31.37758952,-103.5819694,1.05682688,2017-03-24
31.13672443,-103.4577375,1.307031413,2017-03-25
30.8912826,-103.4355791,1.325821462,2017-03-26
31.44420578,-103.477272,1.245811212,2017-03-26
31.44514321,-103.5137868,0.866542866,2017-03-26
31.05078917,-103.6508771,1.465812227,2017-03-26
31.26315284,-103.5567528,0.970084936,2017-03-27
32.81341553,-100.9488138,0.399122389,2017-03-27
31.3679313,-103.5127517,1.354750389,2017-03-27
31.20651819,-103.3955282,0.913091987,2017-03-27
31.45618153,-103.5535237,0.678705076,2017-03-28
31.45893209,-103.5170025,1.148048569,2017-03-28
32.48748779,-97.15451124,0.444164621,2017-03-28
31.42355031,-103.5690953,1.681591517,2017-03-28
31.18968694,-103.8775446,1.503956094,2017-03-28
31.16998166,-103.8533841,1.391927733,2017-03-29
31.10913126,-103.6825031,1.434721171,2017-03-31
31.45250382,-103.5771536,1.862689655,2017-04-01
31.50253004,-103.4251,1.091063683,2017-04-01
31.12802203,-103.5075197,1.367206723,2017-04-01
31.12434736,-103.5128735,1.200282601,2017-04-02
32.97088623,-100.9037967,0.622862712,2017-04-02
31.50101298,-103.3278479,2.266920572,2017-04-02
31.39459609,-103.5524546,1.11994596,2017-04-02
31.01722159,-103.4471749,1.235807401,2017-04-04
31.15559997,-103.2125272,1.683446019,2017-04-04
31.52692886,-103.6481126,1.451198354,2017-04-05
31.36425019,-103.5020229,1.558241077,2017-04-05
31.52639529,-103.7238941,1.567347954,2017-04-05
31.17319267,-103.8560713,1.120752711,2017-04-05
31.42951747,-103.6050685,1.666549889,2017-04-05
31.41205402,-103.5180976,1.287287745,2017-04-06
31.41111445,-103.4762275,1.05107373,2017-04-06
32.53875732,-97.16737329,0.78505773,2017-04-06
31.20988204,-103.8883257,0.986687178,2017-04-06
31.2452125,-103.624807,1.344023512,2017-04-06
32.85369873,-100.9509575,0.28419389,2017-04-06
31.14027536,-103.3528224,1.941610273,2017-04-07
31.59470523,-103.8256685,1.561248938,2017-04-07
31.60148906,-103.8746363,1.39136818,2017-04-07
32.87567139,-100.888791,1.410895774,2017-04-07
31.40285394,-103.497705,1.440534519,2017-04-08
31.12914815,-103.2993268,1.247430293,2017-04-08
31.41389919,-103.5610421,1.133551404,2017-04-09
31.15882432,-103.5433722,1.203976914,2017-04-09
31.147496,-103.2821465,2.775723849,2017-04-10
31.15439786,-103.2858737,1.791155636,2017-04-10
31.44907244,-103.3242174,1.929480497,2017-04-10
31.1222356,-103.2902481,1.98233955,2017-04-10
31.4272249,-103.5347345,0.952396005,2017-04-10
31.19841517,-103.8791807,1.195259902,2017-04-10
30.99146618,-103.4279662,1.33628434,2017-04-10
32.95806885,-100.8823599,1.638727809,2017-04-10
32.00408936,-102.2435928,1.764153222,2017-04-11
31.26726105,-103.4747475,1.193766124,2017-04-11
32.83538818,-100.9531012,0.684045804,2017-04-12
31.21252018,-103.4185516,1.382997066,2017-04-13
31.03699587,-103.4615877,1.421936744,2017-04-13
31.39274539,-103.5030787,1.114392783,2017-04-13
31.46759541,-103.7001578,0.645637958,2017-04-13
31.38999212,-103.513814,1.606602025,2017-04-13
31.1803886,-103.4614387,1.118983114,2017-04-14
31.36884611,-103.5020201,1.473090801,2017-04-14
31.39826726,-103.5213241,1.624679823,2017-04-15
31.41664886,-103.5148745,0.78336891,2017-04-15
31.19420886,-103.52355,1.047186975,2017-04-15
31.22125533,-103.4212171,1.05333211,2017-04-15
31.58699953,-103.7670252,1.133858241,2017-04-15
31.414811920000002,-103.51917,1.192315688,2017-04-15
31.5314659,-103.7115407,1.572471077,2017-04-16
31.17167125,-103.4834008,1.18538944,2017-04-16
32.92510986,-100.8780726,1.182899125,2017-04-17
32.52044678,-97.1330745,1.136402797,2017-04-17
32.9196167,-100.8673542,1.374208253,2017-04-17
31.39550834,-103.5170315,1.14891518,2017-04-18
31.12551291,-103.3207439,1.515919656,2017-04-18
31.04285881,-103.3637294,1.32709011,2017-04-18
31.42354138,-103.5111131,1.457718732,2017-04-18
31.40745624,-103.5127318,1.875800552,2017-04-18
32.92144775,-100.8780726,1.374874772,2017-04-18
32.91870117,-100.8684261,1.232615624,2017-04-18
31.42124362,-103.5116512,0.847299399,2017-04-19
31.09400634,-103.4946986,2.656238143,2017-04-19
31.22669847,-103.3654909,1.726043107,2017-04-20
31.27647144,-103.6098196,1.394192884,2017-04-20
32.89855957,-100.8791444,0.897580745,2017-04-21
31.00159262,-103.4439866,1.201849757,2017-04-21
31.11903501,-103.2982843,1.700044388,2017-04-21
31.43595767,-103.58252,1.816351562,2017-04-21
31.06307754,-103.3615483,1.230418582,2017-04-21
31.29163511,-103.6167972,1.618323909,2017-04-22
32.97821045,-100.8652106,1.561469586,2017-04-23
32.97912598,-100.8662824,2.016464842,2017-04-23
32.9397583,-100.9230897,0.85165673,2017-04-23
32.97821045,-100.9037967,0.097666944,2017-04-23
31.05980418,-103.3278622,1.50939095,2017-04-23
31.3835403,-103.4783987,1.375572465,2017-04-23
31.39917872,-103.5009279,1.024012239,2017-04-23
31.52136699,-103.4191611,1.734725586,2017-04-23
31.109181,-103.5134161,1.359144454,2017-04-25
32.87567139,-100.9466702,1.300041836,2017-04-26
32.8427124,-100.9552449,0.212435712,2017-04-26
31.37252761,-103.5138226,1.367276503,2017-04-26
31.08756681,-103.4850737,1.528510427,2017-04-26
32.96539307,-100.9037967,0.324164638,2017-04-27
32.84729004,-100.9691787,0.583352601,2017-04-27
31.10963556,-103.5011089,1.087211163,2017-04-27
31.38632186,-103.5385021,1.77995029,2017-04-27
32.89215088,-100.9509575,1.448725633,2017-04-28
32.91778564,-100.9230897,0.568176915,2017-04-29
32.85552979,-100.9466702,1.510799854,2017-04-29
32.47650146,-97.15879859,0.597302973,2017-05-01
32.83630371,-100.9305926,1.613801671,2017-05-01
32.73101807,-97.28741902,2.617149065,2017-05-01
32.73101807,-97.28741902,2.233539843,2017-05-01
31.11081388,-103.3250618,3.164631586,2017-05-01
31.09470317,-103.3117266,1.302798781,2017-05-02
32.73284912,-97.29385004,1.601849331,2017-05-02
31.01906363,-103.4514493,0.921302783,2017-05-03
31.44054102,-103.498754,1.128382593,2017-05-03
31.09308549,-103.4914892,1.477222614,2017-05-03
31.04482626,-103.487781,1.526631012,2017-05-03
31.05032444,-103.4621087,1.230764801,2017-05-03
32.10662842,-103.0281774,2.682439025,2017-05-03
31.10044008,-103.4936241,2.066150998,2017-05-04
31.14706234,-103.2944597,2.425398256,2017-05-04
31.1860436,-103.2563282,2.117147896,2017-05-04
31.27232817,-103.6253617,1.372180027,2017-05-04
31.47499156,-103.6528982,1.074422737,2017-05-05
32.89398193,-100.888791,1.229554195,2017-05-06
32.97454834,-100.8673542,3.383972576,2017-05-06
32.97088623,-100.8652106,3.036692885,2017-05-06
32.97088623,-100.8587795,2.218919079,2017-05-06
32.97454834,-100.8630669,2.344823502,2017-05-06
32.97271729,-100.8630669,2.368706654,2017-05-06
31.07423641,-103.48134,1.49251173,2017-05-07
32.48382568,-97.15451124,1.053153523,2017-05-07
31.3826394,-103.5159641,0.973652651,2017-05-07
31.52262435,-103.7862306,1.264962021,2017-05-09
31.01480447,-103.3514926,1.400825441,2017-05-09
31.38540444,-103.5578218,1.313199263,2017-05-09
31.42490994,-103.4891003,1.394253226,2017-05-10
31.17871978,-103.2692033,1.035920241,2017-05-10
31.36597402,-103.500803,1.369751978,2017-05-10
30.93821104,-103.5092269,1.153990811,2017-05-11
31.13853774,-103.4299024,1.144152894,2017-05-11
31.13882794,-103.313752,1.595876088,2017-05-11
31.04756099,-103.4546252,0.954405125,2017-05-11
32.96356201,-100.908084,1.414164602,2017-05-11
32.85552979,-100.9295208,0.641176737,2017-05-11
32.84820557,-100.9209461,1.058607711,2017-05-11
32.47833252,-97.14379287,1.222422568,2017-05-12
31.04112583,-103.4535629,1.619741753,2017-05-12
31.21802317,-103.7121078,1.233509033,2017-05-12
32.87017822,-100.901653,0.685048401,2017-05-12
31.2010018,-103.7254705,2.054341743,2017-05-13
31.16104598,-103.7013085,2.333381675,2017-05-13
32.48840332,-97.14486471,1.702162034,2017-05-14
31.25213081,-103.9013341,0.88874001,2017-05-15
32.72918701,-97.28741902,1.942008899,2017-05-15
31.21404647,-103.8770908,1.531348293,2017-05-16
31.018132,-103.4375515,1.519689132,2017-05-16
31.44974505,-103.5846714,1.602456841,2017-05-17
31.48921821,-103.4417739,1.753842991,2017-05-17
31.4074147,-103.4461712,2.313880496,2017-05-17
31.00344686,-103.4632259,1.085387501,2017-05-18
31.31691675,-103.5133136,1.90131064,2017-05-18
31.41018464,-103.4611981,0.830147739,2017-05-18
31.33575187,-103.4945313,1.706699557,2017-05-18
31.62876347,-103.8010151,1.264980659,2017-05-18
31.3715909,-103.4784091,2.021975546,2017-05-18
31.36792333,-103.4945089,1.322207644,2017-05-19
31.34060547,-103.9783602,1.153145702,2017-05-19
31.19171156,-103.7897206,0.842136713,2017-05-19
31.2615739,-103.9726499,1.430731453,2017-05-19
31.11444558,-103.3015077,1.783199556,2017-05-19
31.18176104,-103.6665322,1.173534891,2017-05-20
31.47180639,-103.5406311,1.125348917,2017-05-20
32.87384033,-100.9423828,0.249592254,2017-05-20
31.40666634,-103.2642049,1.702020421,2017-05-20
32.88024902,-100.9305926,1.195685574,2017-05-21
31.37987948,-103.509526,2.264580292,2017-05-21
31.40378101,-103.5170277,1.420767553,2017-05-21
32.96356201,-100.9059404,2.059422951,2017-05-21
31.12019563,-103.4813018,1.345695501,2017-05-21
32.85919189,-100.8973657,1.053354121,2017-05-22
31.12745867,-103.335588,1.551384445,2017-05-22
32.9598999,-100.8909346,1.260744533,2017-05-23
31.42676677,-103.5438617,2.335067534,2017-05-23
31.15102405,-103.2200386,1.235861292,2017-05-23
31.00022517,-103.45735,1.410821981,2017-05-24
31.45801828,-103.5814512,1.405692583,2017-05-25
31.13631157,-103.2179505,1.977437263,2017-05-25
32.85003662,-100.9488138,1.05171666,2017-05-25
31.15723736,-103.3276234,1.677197458,2017-05-26
31.1362073,-103.3175656,1.674499229,2017-05-26
31.22417291,-103.2492411,1.855460354,2017-05-26
31.19895604,-103.2755682,1.65749849,2017-05-27
32.50946045,-97.1416492,1.792141365,2017-05-27
30.98232725,-103.4985159,1.416400067,2017-05-27
31.38815487,-103.5170349,1.373858907,2017-05-28
31.36837132,-103.4746559,0.974163694,2017-05-28
31.32747975,-103.4956097,1.577488523,2017-05-28
32.96539307,-100.908084,1.864711471,2017-05-29
31.25622793,-103.4704701,1.383659955,2017-05-29
32.49664307,-97.15451124,2.867464354,2017-05-29
32.52410889,-97.13093083,0.893820194,2017-05-29
30.97907499,-103.4466858,1.599866588,2017-05-29
31.01879144,-103.3278481,1.283988337,2017-05-30
31.04525623,-103.4466069,1.698664672,2017-05-30
32.49481201,-97.14593655,0.739528026,2017-05-31
32.83905029,-100.9681069,1.761185675,2017-05-31
32.48657227,-97.14700838,1.223400318,2017-05-31
31.44652919,-103.5766155,2.059114324,2017-06-01
31.38906565,-103.4966408,2.089038744,2017-06-01
32.49664307,-97.15022389,1.267166245,2017-06-01
32.8427124,-100.9509575,0.620508312,2017-06-01
31.45250492,-103.5631907,1.287656151,2017-06-02
32.85552979,-100.9466702,0.637207742,2017-06-03
32.84637451,-100.9509575,0.973332602,2017-06-03
32.86834717,-100.9338081,-0.207710333,2017-06-04
31.45250442,-103.5717833,1.537533084,2017-06-04
31.17934824,-103.3575561,1.86467275,2017-06-04
32.84637451,-100.9166587,0.670163888,2017-06-04
31.36057145,-103.4977331,1.283189302,2017-06-04
31.47824125,-103.5449272,1.443350047,2017-06-05
32.85461426,-100.947742,0.537715779,2017-06-05
31.36582024,-103.1226855,3.092150411,2017-06-05
32.85552979,-100.9402391,0.401886106,2017-06-06
31.57209605,-103.8659337,1.63542547,2017-06-06
32.94616699,-100.8920065,0.948655681,2017-06-06
32.87658691,-100.9734661,1.041763779,2017-06-06
30.99836384,-103.4316979,1.861479532,2017-06-07
31.3835586,-103.6039732,1.527912724,2017-06-07
32.88848877,-100.8995093,0.726972018,2017-06-07
32.51586914,-97.16415777,1.12623765,2017-06-09
36.12945557,-100.4217999,3.007420742,2017-06-09
28.33099365,-98.93072151,2.575266217,2017-06-09
31.39142027,-103.0839245,1.928212007,2017-06-09
32.85736084,-100.9445265,0.305830663,2017-06-09
32.85736084,-100.9466702,1.121629424,2017-06-10
32.85186768,-100.9466702,0.717224892,2017-06-10
32.87750244,-100.9616759,0.748883162,2017-06-10
32.88299561,-100.9681069,0.909406139,2017-06-10
31.0599931,-103.4883043,1.728751074,2017-06-10
31.12709682,-103.2094207,1.679001649,2017-06-11
32.85552979,-100.9466702,0.981389161,2017-06-12
32.88665771,-100.9616759,1.21727172,2017-06-12
32.98187256,-100.8009003,1.212337069,2017-06-14
31.07561679,-103.4840133,2.47412784,2017-06-15
32.98736572,-100.8244808,1.126644949,2017-06-15
32.89031982,-100.901653,0.647720794,2017-06-16
32.90130615,-100.895222,1.608628181,2017-06-16
32.89215088,-100.8973657,0.463463491,2017-06-16
32.91320801,-100.9005812,1.774275222,2017-06-16
32.90313721,-100.8995093,2.010737545,2017-06-16
31.57262004,-103.8374358,1.637335327,2017-06-17
32.99102783,-100.8287681,1.265507632,2017-06-18
31.23647079,-103.478526,1.221434972,2017-06-19
32.96356201,-100.8823599,2.60158583,2017-06-19
32.99102783,-100.8180497,1.891639304,2017-06-19
32.9901123,-100.8276963,0.867527007,2017-06-19
32.89581299,-100.8973657,0.510419532,2017-06-20
32.09197998,-102.2478801,2.399526054,2017-06-20
32.86834717,-100.8973657,0.691456811,2017-06-20
32.86193848,-100.9005812,0.179554609,2017-06-20
31.50556219,-103.816818,1.905262382,2017-06-20
32.88848877,-100.8973657,0.745663006,2017-06-20
31.50205578,-103.7082692,2.255367999,2017-06-21
32.86102295,-100.9509575,0.082545293,2017-06-21
32.94708252,-97.57895865,3.332635585,2017-06-21
32.83721924,-100.9316644,0.35125273,2017-06-22
31.57727301,-103.8094863,2.116123725,2017-06-23
31.00803955,-103.660992,1.098209141,2017-06-24
32.86834717,-100.8973657,0.615832685,2017-06-24
31.30078354,-103.439866,1.243661289,2017-06-26
32.87750244,-100.9638196,0.506218283,2017-06-26
32.89855957,-100.8962938,0.914100609,2017-06-27
31.35964842,-103.4902226,2.118099163,2017-06-28
31.02685965,-103.6872085,0.821116182,2017-06-29
31.51389307,-103.7856721,1.156814379,2017-06-29
31.08941251,-103.4989815,1.117848896,2017-06-29
31.07976925,-103.5198496,1.424315068,2017-06-30
31.55354189,-103.4223384,1.678482205,2017-06-30
32.72094727,-97.3013529,2.244565256,2017-06-30
32.7255249,-97.30456841,1.255377713,2017-06-30
32.92327881,-100.8716416,0.906462697,2017-07-01
31.12754642,-103.4770142,0.914272574,2017-07-01
29.01947021,-97.9318704,3.074256931,2017-07-02
31.1836534,-103.2193858,1.841300778,2017-07-02
28.78509521,-98.45507812,2.248965948,2017-07-02
32.81158447,-100.9659632,1.299471183,2017-07-03
32.8729248,-100.9305926,0.819428468,2017-07-03
31.13273628,-103.2586401,1.449313656,2017-07-03
31.40101055,-103.4880449,1.228305481,2017-07-05
32.35565186,-97.75688357,2.017131262,2017-07-05
31.12920138,-103.327157,1.811382397,2017-07-05
31.0245406,-103.4129512,0.740765333,2017-07-06
31.41296792,-103.5041401,1.164237073,2017-07-06
31.40011054,-103.5449398,1.320176682,2017-07-06
32.88848877,-100.8995093,1.03642835,2017-07-07
28.54431152,-100.2015165,1.685375132,2017-07-07
32.94708252,-100.8973657,1.270698744,2017-07-07
31.38171655,-103.5063052,1.510582188,2017-07-07
31.1592156,-103.6938106,1.198548822,2017-07-08
32.8994751,-100.9359518,1.504052051,2017-07-08
31.41756688,-103.5116531,1.603247806,2017-07-08
31.17830556,-103.2900882,1.574581118,2017-07-09
31.42030195,-103.4697771,1.946574321,2017-07-10
32.83355713,-100.9745379,2.296906609,2017-07-10
32.85369873,-100.9745379,0.416454834,2017-07-10
31.55767064,-103.7045939,0.876382434,2017-07-10
31.61266041,-103.8101188,1.731024903,2017-07-12
32.08831787,-102.2564548,2.009437487,2017-07-12
32.08557129,-102.2510957,2.018673991,2017-07-12
32.11486816,-102.2725324,2.113237178,2017-07-12
31.3881475,-103.4987881,1.649474633,2017-07-12
31.38261833,-103.4741064,1.557508716,2017-07-12
32.85003662,-100.9552449,0.855627947,2017-07-12
31.00940899,-103.4477187,1.667028292,2017-07-12
31.10411513,-103.4904112,1.765704607,2017-07-12
31.1521341,-103.3024754,1.611329508,2017-07-12
32.84454346,-100.9702506,2.893629793,2017-07-13
32.81616211,-100.9370236,1.289400012,2017-07-14
31.37023131,-103.6012841,1.184063119,2017-07-14
31.43040751,-103.4622506,0.969382619,2017-07-14
31.15974191,-103.5337353,1.495862018,2017-07-15
31.43134707,-103.4944646,1.488742156,2017-07-15
31.3872251,-103.4923488,1.774572758,2017-07-15
31.37804111,-103.5095269,1.65346954,2017-07-17
31.50651829,-103.3224608,2.207423462,2017-07-17
32.90863037,-100.9102277,1.141362711,2017-07-18
31.05539345,-103.4818904,1.824824178,2017-07-19
32.86834717,-100.9638196,1.032043544,2017-07-19
31.36240039,-103.4805631,2.038153261,2017-07-20
31.57110479,-103.8949674,1.160347758,2017-07-20
31.37344003,-103.4977245,1.58871768,2017-07-20
31.38262974,-103.4934253,2.29352182,2017-07-20
31.3642407,-103.4837808,1.343910711,2017-07-21
31.27276261,-103.0620115,1.832884127,2017-07-21
31.36331686,-103.4762701,1.650687573,2017-07-22
31.02140378,-103.5300315,1.205884547,2017-07-22
32.8793335,-100.895222,2.633200155,2017-07-22
31.36333241,-103.5052426,2.018802645,2017-07-23
32.87200928,-100.9552449,0.77520358,2017-07-23
31.37743684,-103.0335536,1.17022287,2017-07-23
32.83081055,-100.9455983,0.566946268,2017-07-23
31.38861356,-103.6055856,1.20343862,2017-07-23
32.06451416,-102.2457365,1.360467795,2017-07-24
31.4460703,-103.5503024,2.022430072,2017-07-25
32.91595459,-100.9102277,1.095713424,2017-07-25
32.87567139,-100.8930783,0.023266067,2017-07-25
32.87567139,-100.8930783,-0.156140224,2017-07-25
31.37145996,-103.4307861,1.338228614,2017-07-25
31.38816165,-103.5503084,1.68444647,2017-07-25
32.90130615,-100.8759289,1.040508878,2017-07-26
31.16826754,-103.3275963,1.893549114,2017-07-26
32.95623779,-100.9123714,2.080824156,2017-07-27
32.95806885,-100.908084,2.519057372,2017-07-27
31.05294791,-103.3498045,2.011694284,2017-07-27
32.81890869,-100.9466702,0.707420991,2017-07-28
31.24384983,-103.5535383,1.525371095,2017-07-29
31.55358593,-103.6470624,1.416526421,2017-07-29
32.81890869,-100.9316644,0.679000396,2017-07-30
32.02331543,-102.9327839,1.67447461,2017-07-31
32.83172607,-100.9531012,1.533952941,2017-07-31
32.83721924,-100.9531012,0.612888021,2017-07-31
32.94158936,-100.895222,1.389051854,2017-08-01
32.83721924,-100.9531012,1.314245095,2017-08-02
32.83905029,-100.9509575,0.933904138,2017-08-02
32.83538818,-100.9488138,0.379369647,2017-08-02
32.83355713,-100.9509575,0.195840527,2017-08-02
32.83721924,-100.9488138,-0.199961392,2017-08-02
32.83630371,-100.9520293,0.50749144,2017-08-02
32.83905029,-100.9466702,1.536298805,2017-08-02
31.38077627,-103.4687418,1.246179735,2017-08-02
32.82989502,-100.9509575,0.404302154,2017-08-02
31.08088359,-103.295715,2.268760983,2017-08-02
32.87200928,-100.895222,0.216589645,2017-08-03
31.12040392,-103.2934642,1.292336672,2017-08-03
32.87567139,-100.8866473,0.392267074,2017-08-03
28.69171143,-98.88315717,1.880753868,2017-08-03
30.97719456,-103.406078,1.179610322,2017-08-04
28.68438721,-98.86040901,2.136707703,2017-08-04
31.35139086,-103.5288538,1.808108208,2017-08-04
31.15890611,-103.2473141,2.842103703,2017-08-04
30.95467265,-103.4045118,0.898732689,2017-08-05
31.37896916,-103.5438699,1.527963463,2017-08-05
31.3780507,-103.5513827,1.821000547,2017-08-05
32.95440674,-100.9166587,1.234715878,2017-08-05
32.95440674,-100.9123714,1.498909141,2017-08-05
32.95806885,-100.9059404,1.483042198,2017-08-05
31.40744934,-103.4966284,1.510669297,2017-08-06
32.95806885,-100.9102277,2.167816119,2017-08-07
32.95623779,-100.9145151,0.363263073,2017-08-07
32.95715332,-100.9177306,0.355767638,2017-08-07
32.95806885,-100.9145151,0.38361421,2017-08-07
32.95257568,-100.9166587,0.558176854,2017-08-07
32.95715332,-100.9177306,0.05658927,2017-08-07
32.95623779,-100.9145151,1.556628742,2017-08-07
32.91595459,-100.8673542,1.487867093,2017-08-07
32.9196167,-100.8630669,2.323123022,2017-08-07
31.40377951,-103.5127337,2.221816284,2017-08-07
32.92144775,-100.8587795,0.790965989,2017-08-08
32.95715332,-100.9177306,-0.009132005,2017-08-08
32.86834717,-100.9316644,0.055126389,2017-08-08
32.86834717,-100.9295208,-0.021139478,2017-08-08
32.87200928,-100.9273771,-0.563439329,2017-08-08
32.92144775,-100.8652106,2.406201505,2017-08-08
32.9196167,-100.8673542,0.401341398,2017-08-08
31.39734399,-103.5095166,1.723699155,2017-08-09
32.9196167,-100.8652106,2.857860892,2017-08-09
32.92327881,-100.8694979,2.988520982,2017-08-09
32.92510986,-100.8716416,2.526923655,2017-08-09
32.92510986,-100.8652106,1.163632072,2017-08-09
32.92327881,-100.8673542,0.755792298,2017-08-09
31.27831062,-103.6076764,1.289761782,2017-08-09
32.92694092,-100.8673542,2.840364125,2017-08-09
32.92144775,-100.8652106,0.257259515,2017-08-09
32.92694092,-100.8694979,1.983190697,2017-08-09
32.92419434,-100.8705697,1.02675407,2017-08-09
32.92144775,-100.8694979,0.406876586,2017-08-09
32.92510986,-100.8587795,0.781523262,2017-08-09
32.91595459,-100.8673542,0.555214584,2017-08-09
32.92327881,-100.8652106,0.85034823,2017-08-09
30.86131605,-103.3871573,2.706023785,2017-08-10
32.92510986,-100.8694979,1.227068319,2017-08-10
31.05576667,-103.3915115,1.131641083,2017-08-10
32.85461426,-100.9091559,1.113897069,2017-08-10
32.8527832,-100.9112995,0.045466134,2017-08-10
32.92327881,-100.8716416,0.909281945,2017-08-10
32.82440186,-100.9295208,0.460561086,2017-08-10
32.88848877,-100.888791,0.02489118,2017-08-10
31.09657716,-103.3309823,1.880510151,2017-08-11
31.36517078,-103.5052415,0.944007759,2017-08-12
32.99285889,-100.8587795,0.732427381,2017-08-12
32.8994751,-100.8845036,1.570986346,2017-08-12
32.89581299,-100.8866473,2.914789922,2017-08-12
32.88848877,-100.8909346,1.170250163,2017-08-12
32.88848877,-100.8866473,-0.185391836,2017-08-12
32.88757324,-100.8877191,0.189072895,2017-08-12
32.88757324,-100.8877191,0.283416127,2017-08-12
32.88757324,-100.8877191,0.014270386,2017-08-12
31.1712309,-103.5299841,1.590337392,2017-08-13
32.91229248,-100.888791,3.498051963,2017-08-13
32.88665771,-100.8845036,2.69199306,2017-08-13
32.88848877,-100.888791,0.809218372,2017-08-14
32.87567139,-100.9359518,0.928130009,2017-08-14
32.86834717,-100.9338081,0.747538163,2017-08-14
32.88482666,-100.888791,0.117019392,2017-08-14
32.88482666,-100.888791,0.299499317,2017-08-14
31.64703369,-104.528749,1.76022644,2017-08-14
32.89031982,-100.8866473,-0.135977379,2017-08-14
32.86651611,-100.9359518,0.461309296,2017-08-14
32.92694092,-100.8759289,2.172003235,2017-08-14
32.88665771,-100.888791,0.727963752,2017-08-14
31.60614289,-103.8499076,1.447516344,2017-08-14
32.95074463,-100.8995093,0.040273927,2017-08-15
31.25120233,-103.54282,1.410891955,2017-08-15
31.2603951,-103.5524653,1.587281616,2017-08-15
32.89123535,-100.8877191,2.17875874,2017-08-15
32.94891357,-100.9145151,1.324014861,2017-08-15
31.42768346,-103.5299023,1.45997523,2017-08-15
31.15452354,-103.3533265,1.212441556,2017-08-15
32.93243408,-100.9209461,0.433486434,2017-08-16
32.96173096,-100.9059404,0.838989347,2017-08-16
31.64794922,-104.5341082,1.701435215,2017-08-16
32.89764404,-100.8845036,0.958052046,2017-08-17
31.350371,-103.3958135,1.197935769,2017-08-17
32.96539307,-100.908084,0.836817431,2017-08-17
31.36836378,-103.4639248,1.377310959,2017-08-18
32.86468506,-100.9166587,0.152406387,2017-08-18
31.36953514,-103.5012148,1.505310579,2017-08-18
32.84454346,-100.9659632,2.630943782,2017-08-18
32.8427124,-100.9766816,0.87875997,2017-08-18
32.8427124,-100.9466702,0.575599696,2017-08-19
32.83905029,-100.9552449,-0.173038036,2017-08-19
31.65618896,-104.5587605,1.926672402,2017-08-19
31.44239196,-103.5825216,1.98562218,2017-08-19
31.38448399,-103.5782145,1.589683132,2017-08-19
32.8692627,-100.9005812,1.240149818,2017-08-20
32.87017822,-100.9037967,1.744101031,2017-08-20
31.39916907,-103.482679,1.501557056,2017-08-20
31.38494098,-103.528306,2.081324516,2017-08-20
32.88482666,-100.9037967,1.084342634,2017-08-20
31.09783684,-103.2715917,2.824759325,2017-08-20
31.13956347,-103.2313202,2.725940199,2017-08-20
31.14002713,-103.2329244,2.0397249,2017-08-20
31.18133757,-103.5149871,1.382925224,2017-08-20
31.14919132,-103.2221864,2.878233162,2017-08-21
32.89031982,-100.8995093,2.56417224,2017-08-21
32.88848877,-100.8973657,0.122535577,2017-08-21
31.37942917,-103.5476262,1.616335724,2017-08-21
31.37712693,-103.5245524,1.372288458,2017-08-21
31.11606087,-103.207321,2.15091802,2017-08-21
31.38057857,-103.5532606,2.187062607,2017-08-22
31.37161507,-103.5395786,1.343553778,2017-08-22
31.39175947,-103.5246107,1.572096497,2017-08-22
31.38907818,-103.5320614,1.654871462,2017-08-22
31.42952016,-103.5234588,1.78914376,2017-08-22
32.88482666,-100.888791,0.799539679,2017-08-22
32.8692627,-100.9048685,1.053302813,2017-08-22
31.39643231,-103.5352795,1.795162129,2017-08-23
31.42492762,-103.5384933,0.9934297,2017-08-23
32.88848877,-100.8866473,0.43268242,2017-08-23
32.86834717,-100.9059404,0.772421897,2017-08-23
31.15673638,-103.3056751,3.012896757,2017-08-24
32.85552979,-100.9531012,0.030210154,2017-08-24
32.82348633,-100.9370236,0.306411869,2017-08-24
31.41481258,-103.5213173,1.531032898,2017-08-24
32.87017822,-100.908084,0.510694536,2017-08-24
31.59475378,-103.8009273,1.863710271,2017-08-24
31.58641233,-103.8353255,1.613171085,2017-08-24
32.95074463,-100.9209461,0.453591059,2017-08-25
31.38540144,-103.5320625,1.976386197,2017-08-25
32.87567139,-96.91870713,3.466739176,2017-08-25
32.92877197,-100.9273771,-0.300213876,2017-08-25
31.58816229,-103.8740536,1.748347637,2017-08-25
31.06492241,-103.3658231,1.102025535,2017-08-26
32.85461426,-100.9048685,0.914269877,2017-08-27
31.09216396,-103.48721,1.458337741,2017-08-27
31.25947527,-103.5749747,1.303988065,2017-08-27
32.95715332,-100.9177306,0.371644311,2017-08-27
32.87567139,-100.9188024,1.387035542,2017-08-27
32.8729248,-100.8962938,-0.626928158,2017-08-28
32.87017822,-100.895222,-0.618369115,2017-08-28
31.23089039,-103.406737,1.12070505,2017-08-28
32.83172607,-100.9552449,-0.319752804,2017-08-28
32.85736084,-100.9573885,-0.297599393,2017-08-28
31.287041,-103.6125056,1.772026897,2017-08-28
31.29071396,-103.6210855,1.596790382,2017-08-28
32.86102295,-100.9316644,1.520237037,2017-08-29
32.87384033,-96.90584508,1.225610984,2017-08-29
31.47720264,-103.3837736,1.577141258,2017-08-29
31.22546554,-103.5460392,1.131523653,2017-08-29
31.37526963,-103.4816254,1.798525708,2017-08-29
32.93792725,-100.9188024,1.138672305,2017-08-29
32.93609619,-100.9209461,1.660416189,2017-08-29
32.93151855,-100.9263053,0.664911254,2017-08-29
32.93243408,-100.9316644,0.314959314,2017-08-29
32.02056885,-102.2799683,1.56927994,2017-08-29
31.14885499,-103.8468948,2.119483508,2017-08-30
31.1934195,-103.8539924,1.278284409,2017-08-30
31.18439951,-103.3548678,1.65444639,2017-08-30
32.87384033,-96.93585652,2.094169128,2017-08-30
32.86468506,-100.8973657,0.399249941,2017-08-30
31.36974974,-103.4741181,2.233594099,2017-08-30
31.44238362,-103.5084184,1.139339237,2017-08-31
31.1823516,-103.2499141,1.532046312,2017-08-31
31.23934907,-103.5047975,1.811577406,2017-09-01
31.39951045,-103.4651826,1.84842259,2017-09-01
32.96173096,-100.901653,1.338898236,2017-09-01
31.15675105,-103.8067671,2.099050329,2017-09-01
32.88024902,-96.92192264,2.394169598,2017-09-01
31.15495187,-103.7853486,2.90418429,2017-09-01
32.88208008,-96.89834223,2.122486641,2017-09-01
31.37253571,-103.5535295,1.564816395,2017-09-01
31.16865988,-103.8271442,1.381693077,2017-09-02
31.62739951,-103.7929409,1.443716155,2017-09-02
31.27607446,-103.0871877,1.359907908,2017-09-02
31.29639841,-103.2795635,1.783839037,2017-09-02
31.17736818,-103.2815233,2.300379417,2017-09-02
31.16548006,-103.311541,2.361589739,2017-09-03
32.85919189,-100.8995093,1.494846628,2017-09-03
31.20248122,-103.5224756,1.283584958,2017-09-03
32.9397583,-100.8673542,1.763097863,2017-09-03
31.17286728,-103.3297268,2.67807935,2017-09-03
31.16047609,-103.3399291,3.137004708,2017-09-03
31.14437267,-103.3297961,2.027299714,2017-09-03
31.21652163,-103.3258706,1.916709689,2017-09-03
32.93884277,-100.9091559,0.948990164,2017-09-03
31.29348533,-103.5471014,1.030892679,2017-09-03
32.8793335,-96.86940263,1.146822103,2017-09-04
31.07655706,-103.5417819,1.624097765,2017-09-04
31.18476405,-103.818086,2.554138827,2017-09-04
32.88116455,-96.91870713,1.750736382,2017-09-04
31.39180649,-103.4687311,1.18170698,2017-09-04
31.09080235,-103.5305446,2.34464105,2017-09-04
32.86651611,-100.8973657,1.804874701,2017-09-04
32.87017822,-96.91227611,1.076945771,2017-09-04
31.24936435,-103.5460356,1.823899056,2017-09-04
32.87200928,-96.88655202,1.361861975,2017-09-04
32.85736084,-100.9723942,1.823899053,2017-09-04
31.26039528,-103.5567529,1.542106929,2017-09-05
32.81158447,-100.9359518,3.201422437,2017-09-05
32.86834717,-100.8995093,2.888909319,2017-09-06
32.86468506,-100.9037967,2.399253803,2017-09-06
32.8692627,-100.9005812,2.630415592,2017-09-06
32.87200928,-100.8973657,3.32027338,2017-09-06
32.8692627,-100.9005812,2.752541344,2017-09-06
32.86834717,-100.901653,1.982704406,2017-09-06
32.87567139,-100.8973657,1.303909861,2017-09-06
32.8729248,-100.9005812,1.505577134,2017-09-06
32.88482666,-96.94014386,2.101816375,2017-09-06
32.86651611,-100.9037967,2.510085747,2017-09-06
31.21765033,-103.5326479,1.52452895,2017-09-06
32.0022583,-102.2886099,1.733833583,2017-09-06
32.87567139,-100.8973657,1.955056961,2017-09-06
32.87658691,-100.8920065,1.319431682,2017-09-07
28.90960693,-98.69910386,1.913751248,2017-09-07
32.87567139,-100.895222,1.885713585,2017-09-07
32.8692627,-100.9005812,0.031890535,2017-09-07
32.87384033,-100.901653,1.983588691,2017-09-07
32.87017822,-100.8973657,1.628279583,2017-09-07
32.86834717,-100.901653,0.829062589,2017-09-07
31.39735129,-103.5342058,2.036432937,2017-09-07
31.52686225,-103.7179829,2.146197339,2017-09-08
32.86468506,-100.901653,0.280622769,2017-09-09
31.15762078,-103.8313959,1.775202058,2017-09-09
32.85186768,-100.9380955,0.335291593,2017-09-09
31.29085421,-103.1074861,1.827718668,2017-09-09
31.16365,-103.8041081,1.46577482,2017-09-09
31.15814209,-105.4826839,1.411670695,2017-09-09
32.85095215,-100.9220179,0.634886464,2017-09-09
32.8326416,-100.9305926,0.608885245,2017-09-09
31.391813,-103.6415454,1.825935059,2017-09-10
32.86468506,-100.9531012,1.105416345,2017-09-10
32.86193848,-100.9520293,0.498254617,2017-09-11
33.07525635,-97.01517245,2.131542067,2017-09-11
33.08532715,-97.00338224,2.212430198,2017-09-11
31.16429501,-103.2837908,1.628956482,2017-09-11
31.36839326,-103.5197267,1.599653053,2017-09-11
31.40171144,-103.5130031,1.175599981,2017-09-11
31.22310045,-103.4276431,1.525233147,2017-09-12
32.85919189,-100.9531012,0.295742738,2017-09-12
32.80426025,-100.9445265,2.689327379,2017-09-12
28.83636475,-97.68991268,2.228350201,2017-09-13
32.94158936,-100.9230897,0.199306578,2017-09-13
31.21993672,-103.4988973,1.675197704,2017-09-14
32.88665771,-96.91013243,2.051261565,2017-09-14
32.87567139,-96.9208508,2.958268204,2017-09-14
32.862854,-100.9037967,2.37600037,2017-09-14
31.17229748,-103.2745775,2.80839117,2017-09-14
31.38447663,-103.5127434,1.150417483,2017-09-14
30.98914773,-103.4092651,0.97848989,2017-09-15
31.38908056,-103.5470883,1.279027821,2017-09-15
31.38446082,-103.4805445,1.281715914,2017-09-15
31.39204426,-103.4808064,2.343088747,2017-09-15
31.58104409,-103.7546432,1.173502857,2017-09-16
32.86102295,-100.8995093,0.204550597,2017-09-16
32.862854,-100.9209461,-0.02903112,2017-09-16
32.85552979,-100.9059404,0.37926603,2017-09-16
32.85552979,-100.9037967,0.253717889,2017-09-16
32.86651611,-100.9488138,1.391626582,2017-09-16
28.92974854,-98.7053079,2.637026099,2017-09-16
31.31099104,-103.0837951,1.849489515,2017-09-17
31.22691681,-103.0334317,1.073302723,2017-09-17
31.3091119,-103.5674756,1.284116469,2017-09-17
32.8793335,-100.9638196,0.303043691,2017-09-17
31.27415803,-103.4795655,1.409780651,2017-09-17
31.41017693,-103.6684011,1.194950647,2017-09-18
32.88208008,-100.9627477,0.948973919,2017-09-18
31.37253308,-103.5331394,2.321622037,2017-09-18
32.9598999,-100.8995093,2.284693698,2017-09-20
31.28749605,-103.6226917,1.833524866,2017-09-21
32.87384033,-100.8973657,0.797459017,2017-09-21
31.45985197,-103.5191504,1.546479051,2017-09-21
31.37434274,-103.4698212,1.416409789,2017-09-21
32.96081543,-100.9091559,2.397476177,2017-09-21
31.43135883,-103.524532,1.389698406,2017-09-22
31.0836872,-103.3192447,1.576035305,2017-09-23
31.0786505,-103.4831763,1.765945793,2017-09-24
31.54647213,-103.375805,1.576222093,2017-09-24
31.38531311,-103.5495731,1.621303864,2017-09-24
32.91778564,-100.8694979,1.199173161,2017-09-24
32.95257568,-100.9166587,1.27758517,2017-09-24
32.95257568,-100.9188024,1.20890864,2017-09-24
32.85003662,-100.9059404,-0.155927389,2017-09-25
31.43320036,-103.5199029,0.845587058,2017-09-25
31.14587684,-103.4614668,1.435594501,2017-09-26
32.52044678,-97.12449981,1.335721909,2017-09-27
32.53875732,-97.13950553,0.706747233,2017-09-27
31.42583309,-103.5621221,1.889022892,2017-09-27
31.41869605,-103.5621053,1.741644251,2017-09-27
31.38807583,-103.5215161,1.236142877,2017-09-27
32.50762939,-97.12235614,1.275677645,2017-09-27
31.14311411,-103.245981,2.609356418,2017-09-27
32.50396729,-97.12235614,1.179735388,2017-09-27
31.43320036,-103.5995172,1.849724482,2017-09-27
31.14495593,-103.3167011,2.8483995,2017-09-27
31.17258319,-103.2706018,2.692023548,2017-09-27
31.1523232,-103.2649365,2.387278013,2017-09-27
31.16153229,-103.2731678,2.297878848,2017-09-27
31.14495593,-103.2480557,2.554558825,2017-09-27
32.87567139,-96.90798876,1.459905642,2017-09-27
31.3954431,-103.5535161,2.141943118,2017-09-27
32.50579834,-97.16522961,0.957434046,2017-09-27
31.09154323,-103.2554561,1.14854328,2017-09-28
31.46904915,-103.5771567,1.514383074,2017-09-28
32.9397583,-100.9230897,0.86537963,2017-09-28
32.81890869,-101.0109804,0.951580308,2017-09-28
32.90679932,-100.8716416,1.896211679,2017-09-29
32.90679932,-100.8716416,1.438699944,2017-09-29
32.87384033,-96.89298304,1.446006051,2017-09-29
32.90863037,-100.8694979,0.763385027,2017-09-29
32.87750244,-96.90370141,1.114623784,2017-09-29
32.94158936,-100.9273771,0.63029769,2017-09-29
31.19100137,-103.2162453,1.554067759,2017-09-29
31.4081056,-103.5038601,2.020317495,2017-09-30
32.87750244,-100.908084,-0.02540603,2017-09-30
32.85003662,-100.9509575,-0.295418542,2017-09-30
32.82440186,-100.9273771,0.17467159,2017-09-30
31.1863119,-103.4084159,1.286785959,2017-09-30
32.84088135,-100.9852563,0.362714028,2017-10-01
32.85186768,-100.9145151,-0.049448364,2017-10-01
31.40094562,-103.7081095,1.604092614,2017-10-01
31.28423621,-103.4377428,1.502585831,2017-10-01
31.23734614,-103.4260157,1.180850572,2017-10-02
31.33025283,-103.5717679,1.602871612,2017-10-02
31.46169636,-103.5492266,1.325743913,2017-10-02
31.08928315,-103.3673781,2.008400058,2017-10-02
35.64233333,-102.3543333,2.991088681,2017-10-02
32.87567139,-100.8909346,0.523990247,2017-10-02
31.12190847,-103.3635657,1.944318497,2017-10-03
31.94732666,-102.3464891,1.782534338,2017-10-03
31.50066879,-103.7152521,1.64111052,2017-10-03
32.86468506,-100.9488138,1.576020723,2017-10-03
31.36148737,-103.4912942,1.231492469,2017-10-03
32.81890869,-100.9531012,1.753555565,2017-10-04
31.45800978,-103.6115271,1.159019086,2017-10-04
31.45433469,-103.6072287,1.730648687,2017-10-04
31.37988535,-103.5921658,1.10632237,2017-10-05
31.42676522,-103.5857392,1.146591186,2017-10-05
31.41665561,-103.5771471,1.038362072,2017-10-05
32.8427124,-100.9166587,1.74377378,2017-10-05
32.84637451,-100.9123714,2.179359806,2017-10-05
32.8427124,-100.9166587,0.034307961,2017-10-05
31.42584581,-103.5868127,1.250359833,2017-10-05
32.8793335,-100.901653,0.725750841,2017-10-05
32.83905029,-100.9209461,0.950127865,2017-10-06
31.40377786,-103.5084396,1.637437477,2017-10-06
31.21162758,-103.4453362,1.274309196,2017-10-07
31.07513537,-103.1994498,1.392344062,2017-10-07
31.37521334,-103.7037762,1.361402671,2017-10-07
32.90313721,-100.8866473,1.467733072,2017-10-07
31.42032863,-103.5954008,1.834686709,2017-10-07
31.27415935,-103.4817096,1.318906795,2017-10-08
32.8427124,-100.9702506,1.779183819,2017-10-08
32.89489746,-100.8856201,0.544464383,2017-10-08
31.04886928,-103.38885,1.983248865,2017-10-10
32.86102295,-100.9466702,1.15031198,2017-10-10
32.8326416,-100.9177306,0.200389225,2017-10-10
31.13324526,-103.2805827,1.310728913,2017-10-11
31.169173,-103.3200981,1.855228047,2017-10-11
31.40836402,-103.4880393,1.485057695,2017-10-11
31.04614798,-103.4187998,1.444939117,2017-10-12
31.13067627,-105.015363,2.166854369,2017-10-12
31.11877146,-103.4261836,2.101839201,2017-10-13
31.46244944,-103.3526498,1.251076527,2017-10-13
31.34403969,-103.5406574,1.599454603,2017-10-13
30.50170898,-104.5212462,1.880551141,2017-10-14
32.69622803,-97.59825171,1.957423755,2017-10-14
31.58485146,-103.6245041,1.769629843,2017-10-14
32.527771,-97.12664348,0.742699518,2017-10-15
32.5213623,-97.13629002,0.565079689,2017-10-15
32.69714355,-97.59932355,2.063018221,2017-10-15
32.52960205,-97.11806879,0.471267791,2017-10-15
31.2879465,-103.6393111,1.950054783,2017-10-15
32.51312256,-97.13093083,1.695966748,2017-10-15
32.52868652,-97.11056593,0.758293094,2017-10-15
31.36654641,-103.4982656,1.895848854,2017-10-15
31.35552326,-103.5154403,1.954517724,2017-10-15
32.50946045,-97.16308594,1.623466973,2017-10-15
31.39390004,-103.5178373,1.342437728,2017-10-16
32.72918701,-97.29385004,1.902905251,2017-10-16
31.38448521,-103.5556753,1.898927279,2017-10-16
31.39090349,-103.4955662,1.405624986,2017-10-16
31.36050271,-103.4129642,1.548314283,2017-10-16
31.37344894,-103.5202611,1.311816207,2017-10-16
31.36793448,-103.5224097,1.530859393,2017-10-16
31.36609129,-103.5084603,1.80988893,2017-10-16
32.68707275,-97.59396437,2.077539324,2017-10-16
32.4810791,-97.1620141,1.850181837,2017-10-17
31.5183227,-103.2536415,1.285236581,2017-10-17
31.38536584,-103.4601509,1.451752999,2017-10-17
31.36700415,-103.4945095,1.408681706,2017-10-17
31.43687129,-103.5159387,1.491992117,2017-10-17
32.85919189,-100.9423828,0.02043005,2017-10-18
32.85003662,-100.9509575,0.196469162,2017-10-18
32.88391113,-100.8834318,0.682672517,2017-10-18
31.58099329,-103.7858341,1.265263184,2017-10-18
32.88482666,-100.8802163,0.973350939,2017-10-18
31.51262816,-103.413263,2.253378599,2017-10-18
31.16915472,-103.3104605,2.297179684,2017-10-18
31.0351031,-103.4059842,1.476820095,2017-10-19
31.328411,-103.5921482,1.386258324,2017-10-19
32.8427124,-100.9166587,0.689935203,2017-10-19
31.36793315,-103.5181172,1.994680871,2017-10-19
31.21534851,-103.601752,1.803710342,2017-10-19
31.17674496,-103.5942384,1.76059875,2017-10-19
31.36700131,-103.489144,1.213603625,2017-10-20
32.8793335,-96.92513815,1.618763008,2017-10-20
29.64019775,-97.21840533,2.525503061,2017-10-20
31.44790887,-103.5535243,1.364934374,2017-10-20
31.97808918,-102.8362572,2.06840318,2017-10-20
29.6685791,-97.19048713,3.060569173,2017-10-20
31.39435312,-103.5011993,1.022395912,2017-10-21
31.40378816,-103.5599685,1.262543651,2017-10-21
31.57012503,-103.9175479,1.30287726,2017-10-21
31.05628064,-103.4401762,1.3347654,2017-10-21
31.26682417,-103.597487,1.978114764,2017-10-21
31.1572095,-103.3126334,3.131401047,2017-10-21
31.13235985,-103.2966418,2.62312137,2017-10-22
31.39272791,-103.4719504,1.996243851,2017-10-22
31.13417818,-103.2870027,3.209177792,2017-10-22
31.05077039,-103.4455308,1.524834317,2017-10-22
31.41757415,-103.581442,1.251191964,2017-10-22
28.25958252,-99.92543658,2.080904827,2017-10-22
32.93792725,-100.9059404,0.79654181,2017-10-22
32.93609619,-100.9230897,2.033325035,2017-10-22
31.64117341,-103.800509,1.849524086,2017-10-22
31.21964578,-103.2792559,1.605582716,2017-10-23
32.48748779,-97.14379287,1.109408432,2017-10-23
32.94799805,-100.8941502,0.860462549,2017-10-23
32.48931885,-97.12235614,0.800483833,2017-10-23
32.92877197,-100.9380955,0.213117873,2017-10-23
31.27694049,-103.5664009,1.74179248,2017-10-24
32.85003662,-100.908084,-0.149965534,2017-10-24
31.39550604,-103.510591,1.356247705,2017-10-24
31.40492878,-103.5135382,1.278833201,2017-10-24
31.18018695,-103.3115024,2.612833133,2017-10-24
31.19763672,-103.3039583,2.137083107,2017-10-25
32.89031982,-100.895222,0.265308414,2017-10-25
31.43268078,-103.4337913,1.322029247,2017-10-25
31.5792596,-103.7148448,1.404035687,2017-10-25
32.862854,-100.9509575,0.325117299,2017-10-25
32.83538818,-100.9123714,0.126386228,2017-10-25
32.95440674,-100.9102277,1.021789985,2017-10-25
32.88299561,-100.901653,1.013762529,2017-10-25
32.89031982,-100.895222,1.337905317,2017-10-25
31.43825397,-103.5905749,1.571737122,2017-10-25
32.88299561,-100.8995093,1.456710357,2017-10-25
32.89031982,-100.8930783,0.220154724,2017-10-26
31.40355427,-103.5274946,1.149870833,2017-10-26
32.88299561,-100.8995093,1.512823359,2017-10-26
31.43502381,-103.4944621,0.716255662,2017-10-26
32.88482666,-100.9059404,0.838865832,2017-10-26
31.43871317,-103.592186,1.326272595,2017-10-27
31.16265434,-103.2783543,2.181839428,2017-10-27
31.3440286,-103.5031082,0.961620553,2017-10-27
31.55171139,-103.6900693,1.051865017,2017-10-27
32.87017822,-100.9380955,0.331119482,2017-10-28
31.38908092,-103.5685553,1.451531127,2017-10-28
32.88482666,-100.901653,0.085706793,2017-10-28
31.39183854,-103.5524548,1.838868335,2017-10-28
32.93334961,-100.9027248,0.672013678,2017-10-28
32.85461426,-100.9391673,0.154937483,2017-10-28
32.94525146,-100.895222,-0.176334556,2017-10-28
32.84454346,-100.908084,-0.13629763,2017-10-28
32.88665771,-100.9037967,0.258197832,2017-10-28
32.94708252,-100.8930783,0.264517205,2017-10-28
32.83172607,-100.9166587,-0.446346661,2017-10-28
31.08198772,-103.4112574,1.708491929,2017-10-28
32.93243408,-100.8995093,-0.071379467,2017-10-29
31.09397576,-103.4497586,1.714338224,2017-10-29
31.57818801,-103.8116398,1.880846831,2017-10-29
32.88299561,-100.901653,1.938477277,2017-10-29
32.88116455,-100.8973657,1.739171272,2017-10-29
31.17093161,-103.2804714,2.671416148,2017-10-30
31.19847606,-103.2664645,1.639801079,2017-10-30
32.94891357,-100.9188024,0.334360732,2017-10-30
31.28429412,-103.5588963,1.290627117,2017-10-30
31.15434071,-103.2601774,2.378840461,2017-10-30
32.88391113,-100.9005812,0.261141497,2017-10-30
31.59929445,-103.8289089,1.298630282,2017-10-31
32.95074463,-100.9188024,0.980128561,2017-10-31
32.9196167,-100.9059404,0.816169987,2017-10-31
32.49847412,-97.15022389,0.32363343,2017-10-31
32.48748779,-97.15236757,0.670229599,2017-10-31
31.16165843,-103.2451634,1.866179454,2017-10-31
32.84637451,-100.908084,0.520996474,2017-10-31
32.87567139,-100.9638196,1.320990439,2017-11-01
32.87750244,-100.9616759,0.602848168,2017-11-01
32.48748779,-97.14808022,1.549851549,2017-11-01
32.48657227,-97.15558308,0.564562933,2017-11-01
31.17471134,-103.332935,2.186918201,2017-11-01
31.35318446,-103.1978505,1.927495601,2017-11-01
31.49835257,-103.7297554,1.413460484,2017-11-01
32.87200928,-100.9273771,0.723394176,2017-11-02
31.14620526,-103.3265799,1.525662082,2017-11-02
32.84729004,-100.9177306,-0.314696605,2017-11-02
31.39183596,-103.5331339,1.056203711,2017-11-03
32.88482666,-96.90798876,1.589036605,2017-11-03
31.18924929,-103.2514981,1.647818999,2017-11-03
32.8692627,-100.9305926,-0.438291119,2017-11-03
31.36149063,-103.4977324,1.565952484,2017-11-04
31.39735107,-103.5331323,1.204675026,2017-11-04
35.66802979,-101.650015,2.242586447,2017-11-04
32.83721924,-100.9402391,0.194961165,2017-11-05
32.91778564,-100.8737853,1.830722404,2017-11-06
31.20432488,-103.553541,1.68360306,2017-11-06
32.85003662,-100.9059404,-0.374782627,2017-11-06
31.39270092,-103.4386752,1.929240989,2017-11-07
32.85003662,-100.908084,-0.234226842,2017-11-07
30.58410645,-103.9360232,1.756330875,2017-11-08
32.9196167,-100.8737853,0.940191832,2017-11-08
33.01208496,-100.8148342,2.109335651,2017-11-08
32.91778564,-100.8823599,0.911690583,2017-11-08
31.37249971,-103.463384,1.050872411,2017-11-08
32.85369873,-100.9531012,0.258255135,2017-11-08
32.85552979,-100.9488138,0.645679242,2017-11-08
31.57183389,-103.7664539,1.245299933,2017-11-09
31.37023751,-103.5497737,1.755157502,2017-11-09
31.49381119,-103.6813924,1.201318817,2017-11-09
32.87384033,-100.9616759,0.540847633,2017-11-09
32.87017822,-100.9681069,-0.232424618,2017-11-09
32.85827637,-100.9091559,-0.755402007,2017-11-09
32.48748779,-97.13521818,0.961067513,2017-11-09
31.43319722,-103.5954056,2.184599311,2017-11-10
31.58394694,-103.5406079,1.536701233,2017-11-10
31.22634703,-103.6596178,1.746662821,2017-11-10
31.26578473,-103.3798817,2.244075691,2017-11-10
31.43825607,-103.5798358,1.364179731,2017-11-10
32.86193848,-100.9434546,-0.33088966,2017-11-10
31.38816198,-103.5631885,1.597647409,2017-11-10
31.17858787,-103.5599685,1.229256447,2017-11-10
31.14802381,-103.3158693,3.002983054,2017-11-10
31.13475682,-103.3506935,1.464592795,2017-11-10
32.91595459,-100.8780726,0.08192891,2017-11-10
31.15374487,-103.4796679,1.789857976,2017-11-11
32.85186768,-100.9681069,0.712337303,2017-11-11
31.26680961,-103.4881474,1.18709077,2017-11-11
31.0866512,-103.4914939,0.876738528,2017-11-11
31.5496675,-103.2954714,1.739442138,2017-11-11
31.16600197,-103.3463411,2.084590942,2017-11-11
31.39824587,-103.476239,1.525782357,2017-11-11
32.85919189,-100.9573885,0.646379502,2017-11-11
31.17645589,-103.2847388,1.330971573,2017-11-11
31.40102844,-103.5363518,1.665526267,2017-11-12
31.39666427,-103.5527228,1.652793063,2017-11-12
31.1994665,-103.2996685,2.03312412,2017-11-12
31.39504359,-103.503614,1.866127313,2017-11-12
32.88482666,-100.9230897,-0.200054996,2017-11-12
31.38448413,-103.5427957,1.577673719,2017-11-12
31.23005738,-103.5953293,1.533940533,2017-11-12
32.90130615,-100.9145151,-0.222199689,2017-11-13
31.40101343,-103.4934123,1.074703202,2017-11-13
31.23740962,-103.5996186,1.458277187,2017-11-13
31.51684438,-103.5298737,1.410862133,2017-11-13
32.8793335,-100.9638196,0.509815571,2017-11-13
32.87567139,-100.9723942,-0.126927066,2017-11-13
32.83355713,-100.9531012,-0.24584696,2017-11-13
31.18653159,-103.2686437,2.12372268,2017-11-13
31.24316059,-103.561844,1.389347104,2017-11-13
32.85369873,-100.9037967,-0.127133303,2017-11-13
31.18196638,-103.2825808,1.457983224,2017-11-14
31.38814994,-103.5041548,1.103947899,2017-11-14
31.41573692,-103.5470846,1.054633976,2017-11-14
28.97186279,-97.99184283,2.23843495,2017-11-14
28.89129639,-98.00838695,1.742032851,2017-11-14
28.94256592,-98.01045496,2.842417156,2017-11-14
31.49845667,-103.5159097,1.484887827,2017-11-14
31.43412012,-103.5771503,1.549149216,2017-11-14
32.87200928,-100.9188024,0.934600942,2017-11-14
31.19972837,-103.5738941,1.685800642,2017-11-14
32.8729248,-100.9048685,-0.18665578,2017-11-14
28.91967773,-97.99494485,2.993980453,2017-11-14
31.09925611,-103.2903135,1.866204801,2017-11-14
32.93243408,-100.9037967,0.964081453,2017-11-15
31.08075963,-103.3537548,1.43819115,2017-11-15
31.49110356,-103.5169877,1.324134827,2017-11-15
31.27778338,-103.4195258,1.209598777,2017-11-15
31.08411444,-103.4762498,1.307082247,2017-11-15
32.87200928,-100.9209461,0.641410876,2017-11-15
32.88299561,-100.8909346,0.763338673,2017-11-16
31.04232006,-103.3172108,1.670080034,2017-11-16
31.38538673,-103.4923501,1.345838366,2017-11-16
31.41618436,-103.5025277,1.070466733,2017-11-16
30.90609804,-103.8856746,1.474583308,2017-11-16
31.10489113,-103.355575,1.234059738,2017-11-16
32.862854,-100.9466702,0.515162899,2017-11-16
32.90313721,-100.9145151,-0.295248331,2017-11-16
32.85827637,-100.9520293,-0.124579527,2017-11-16
30.89232903,-103.8781534,1.603955853,2017-11-16
32.82440186,-100.9273771,-0.158267875,2017-11-16
30.89511246,-103.867485,2.286218158,2017-11-16
30.97138879,-103.874143,1.714934989,2017-11-16
32.83905029,-100.9445265,1.07399707,2017-11-16
32.84088135,-100.9766816,-0.014757396,2017-11-17
30.89873377,-103.8899206,2.194233529,2017-11-17
30.90707689,-103.8611162,1.828563619,2017-11-17
30.88818612,-103.8808088,1.889264956,2017-11-17
30.88130676,-103.8749138,1.231354441,2017-11-17
30.90610609,-103.8824709,1.478999154,2017-11-17
30.87577855,-103.8802333,1.391373528,2017-11-17
31.53596086,-103.7814252,1.265369591,2017-11-17
31.44698824,-103.5803747,1.506880014,2017-11-17
30.8941621,-103.880295,1.3961856,2017-11-17
30.90891024,-103.8632578,1.727109696,2017-11-17
30.88678173,-103.890947,1.863184333,2017-11-17
30.87164093,-103.8807532,1.833691178,2017-11-17
30.91717528,-103.8664881,1.802185166,2017-11-17
31.40654197,-103.5911014,1.293805601,2017-11-18
30.87582731,-103.85995,1.676357523,2017-11-18
32.83081055,-100.9284489,2.282504294,2017-11-18
31.16072608,-103.2398128,1.432580395,2017-11-18
30.89231307,-103.8845597,2.384641045,2017-11-18
31.44790816,-103.5750048,1.415415926,2017-11-18
30.90107557,-103.8723095,2.484264324,2017-11-18
30.90289826,-103.8787226,2.88544437,2017-11-18
32.93426514,-100.908084,1.310079441,2017-11-18
33.0770874,-97.00659775,2.577455718,2017-11-18
31.39642351,-103.5062968,1.687646534,2017-11-18
30.87493252,-103.8492717,2.005548127,2017-11-18
33.08074951,-97.0023104,2.087974603,2017-11-18
30.90336179,-103.8771223,2.146188677,2017-11-18
30.90427834,-103.8781932,2.494881588,2017-11-19
30.89782275,-103.8867141,2.060874974,2017-11-19
30.91986936,-103.8921299,1.715326704,2017-11-19
31.40699833,-103.517563,1.192568995,2017-11-19
31.48278878,-103.6727828,1.474201022,2017-11-19
30.88772786,-103.8802734,1.738996655,2017-11-19
30.8757759,-103.8813008,1.566111706,2017-11-19
33.08624268,-97.0108851,2.064977832,2017-11-19
30.87487771,-103.8727575,1.476403399,2017-11-19
30.89600311,-103.8792334,2.160017515,2017-11-19
31.45434329,-103.5631907,1.498988279,2017-11-19
31.39965089,-103.5755338,1.186083696,2017-11-19
32.83172607,-100.9295208,0.114194159,2017-11-19
32.93426514,-100.908084,0.884069183,2017-11-19
32.94891357,-100.8973657,1.369025374,2017-11-19
31.27456329,-103.4168505,1.61327833,2017-11-19
30.90241048,-103.8899334,1.879659798,2017-11-19
32.85736084,-100.9059404,-0.572222989,2017-11-19
30.90062753,-103.8675028,2.516578758,2017-11-19
30.90147475,-103.8963372,1.699376695,2017-11-19
30.90702793,-103.8814061,2.260505689,2017-11-19
30.89783349,-103.8824429,2.054056878,2017-11-19
32.88665771,-100.8845036,0.05304878,2017-11-19
32.862854,-100.9466702,0.885764588,2017-11-20
33.09265137,-97.00766959,2.485656253,2017-11-20
31.00185765,-103.3076935,1.325623425,2017-11-20
32.95715332,-100.9220179,0.236486085,2017-11-20
32.90222168,-100.8748571,-0.025259402,2017-11-20
31.13094615,-103.2800543,1.266821105,2017-11-20
32.93884277,-100.8962938,2.204536249,2017-11-20
32.93609619,-100.9059404,0.308984715,2017-11-20
32.93792725,-100.901653,-0.077571629,2017-11-20
32.93609619,-100.9037967,0.301363885,2017-11-20
31.2832851,-103.407724,1.381165133,2017-11-20
30.88407977,-103.8685171,2.985855427,2017-11-20
31.14227909,-103.2152525,2.730753178,2017-11-20
32.862854,-100.9445265,1.169766737,2017-11-20
31.09750386,-103.3352602,1.233882846,2017-11-21
31.18865797,-103.2956818,1.407131038,2017-11-21
32.83355713,-100.9316644,0.642956693,2017-11-21
30.91990436,-103.8782454,1.841251421,2017-11-21
32.83355713,-100.9252334,1.164812683,2017-11-21
32.94158936,-100.8995093,0.824246546,2017-11-22
32.95257568,-100.8780726,0.680812062,2017-11-22
32.83081055,-100.9284489,0.233139508,2017-11-22
31.41297698,-103.5320543,1.6409811,2017-11-22
32.89581299,-100.8845036,-0.084678927,2017-11-22
31.50828878,-103.2880654,1.6475126,2017-11-22
31.15375691,-103.5021521,1.642756942,2017-11-22
32.86468506,-100.9702506,0.980125776,2017-11-23
32.85736084,-100.9145151,0.477399702,2017-11-23
31.46031733,-103.5733955,1.27495887,2017-11-23
31.20156571,-103.5385442,1.478580716,2017-11-23
31.19573059,-103.2718288,2.487845426,2017-11-23
31.41022158,-103.5749987,1.54027265,2017-11-23
31.54960475,-103.2664414,1.442920496,2017-11-23
31.47911482,-103.6695552,1.029705431,2017-11-23
32.89855957,-100.8920065,0.556268139,2017-11-23
32.93060303,-100.9230897,-0.113687791,2017-11-23
31.24201155,-103.5556818,1.289315831,2017-11-24
31.07563739,-103.5385727,0.731389505,2017-11-24
31.40103006,-103.5481601,0.939927773,2017-11-24
31.43136326,-103.5492301,1.109612127,2017-11-24
31.37069139,-103.5202623,1.63935254,2017-11-24
31.4008005,-103.5511122,1.218787731,2017-11-24
31.41734523,-103.5446686,1.482226171,2017-11-24
31.43853483,-103.3430374,0.881187323,2017-11-24
31.39459627,-103.5567482,1.090451267,2017-11-24
31.11947131,-103.2870451,1.243720188,2017-11-24
31.41082764,-103.5319407,0.917832722,2017-11-24
31.50019781,-103.3955512,1.655576785,2017-11-25
32.8994751,-100.8780726,-0.166412326,2017-11-25
31.55812842,-103.7062075,1.557377265,2017-11-25
30.88818079,-103.8829441,1.320475718,2017-11-25
31.44926232,-103.4788786,0.77177762,2017-11-25
31.1436565,-103.5845914,1.3101012,2017-11-25
30.8731013,-103.8460636,1.079232049,2017-11-25
32.89581299,-100.8866473,0.590253051,2017-11-25
32.85552979,-100.9145151,0.084329897,2017-11-25
31.38540144,-103.5320625,1.456551721,2017-11-26
31.24384899,-103.5438931,1.372283331,2017-11-26
31.24407978,-103.561844,1.423566753,2017-11-26
32.85552979,-100.9295208,1.281833509,2017-11-26
32.84454346,-100.9252334,0.481092458,2017-11-26
32.83721924,-100.9273771,1.522832933,2017-11-27
32.83813477,-100.9284489,0.606402645,2017-11-27
32.83721924,-100.9316644,-0.132407438,2017-11-27
32.83355713,-100.9295208,-0.031312981,2017-11-27
31.10228397,-103.5053938,2.697518575,2017-11-27
31.18407379,-103.4732161,1.121939733,2017-11-27
31.38793219,-103.5629201,1.140858423,2017-11-27
32.8326416,-100.93488,0.725906145,2017-11-27
32.89489746,-100.8834318,0.516406632,2017-11-27
31.03414317,-103.3749753,1.915874827,2017-11-27
31.41022245,-103.5588949,1.61014316,2017-11-28
31.24568832,-103.5567534,1.852413659,2017-11-28
32.9498291,-100.8877191,3.24235177,2017-11-28
32.83538818,-100.9316644,0.942867398,2017-11-28
31.22798804,-103.5205903,2.175983303,2017-11-29
31.39804253,-103.573655,1.597674251,2017-11-29
31.39804269,-103.5720448,1.45720102,2017-11-29
31.40539673,-103.5586265,1.203963693,2017-11-29
31.53764557,-103.2621787,1.602266804,2017-11-29
32.85736084,-100.901653,0.196866723,2017-11-29
32.83905029,-100.9552449,0.239005721,2017-11-29
32.83447266,-100.9498857,0.222455144,2017-11-29
31.43683593,-103.6652102,1.328693422,2017-11-30
32.8427124,-100.9638196,1.986174451,2017-11-30
32.93792725,-100.9037967,1.164897121,2017-11-30
31.28328126,-103.4045076,1.289485543,2017-11-30
32.85186768,-100.9659632,1.77141402,2017-11-30
32.89031982,-100.888791,0.290604714,2017-11-30
32.00958252,-102.307903,2.026711367,2017-11-30
32.95074463,-100.888791,0.27049122,2017-12-01
32.8427124,-100.9488138,0.052420039,2017-12-01
31.298974,-103.6436097,1.575812706,2017-12-01
31.19144747,-103.6081681,1.132524235,2017-12-01
31.37430996,-103.4311867,1.072689222,2017-12-01
32.9397583,-100.895222,0.625334077,2017-12-01
32.9397583,-100.9037967,1.08393607,2017-12-01
31.31180759,-103.4334172,1.77484259,2017-12-01
31.30813601,-103.4387842,1.670830591,2017-12-01
32.84637451,-100.9766816,0.482820211,2017-12-01
31.23810509,-103.5602364,1.414803172,2017-12-02
32.89581299,-100.8866473,0.489955165,2017-12-02
32.94342041,-100.9316644,0.363574986,2017-12-02
31.44031619,-103.5102989,1.730218802,2017-12-02
32.0022583,-102.301472,2.115345093,2017-12-02
32.89031982,-100.9531012,-0.027267006,2017-12-02
32.93518066,-100.8577077,0.112889031,2017-12-02
32.88848877,-100.9573885,-0.08330846,2017-12-02
31.40998946,-103.53125,2.153040546,2017-12-03
32.86010742,-100.9455983,-0.248114349,2017-12-03
31.48550792,-103.4095449,1.128168015,2017-12-03
31.53948641,-103.2632479,1.338724055,2017-12-03
31.44423128,-103.5438587,1.173783073,2017-12-03
32.00958252,-102.295041,2.095425237,2017-12-03
31.0244816,-103.3680442,1.392989318,2017-12-04
31.43618491,-103.5258725,1.257447181,2017-12-04
31.44560816,-103.5325815,1.217940381,2017-12-04
32.00042725,-102.3443455,1.206641009,2017-12-04
31.57911137,-103.8094912,1.188324148,2017-12-04
32.93884277,-100.8920065,2.007730961,2017-12-04
31.2355613,-103.4956724,2.148997697,2017-12-05
32.9196167,-100.9316644,-0.361502644,2017-12-05
30.87491799,-103.8556769,1.654833572,2017-12-05
32.862854,-100.9702506,1.410598898,2017-12-05
30.89872277,-103.8941918,1.238097611,2017-12-06
31.4046773,-103.4719392,1.322047239,2017-12-06
31.37250208,-103.4666035,2.119914728,2017-12-06
32.50396729,-97.1330745,0.467519587,2017-12-06
31.05427541,-103.3203888,1.395491296,2017-12-06
32.87017822,-100.9423828,-0.080880388,2017-12-06
30.92827301,-103.8366159,1.135402726,2017-12-06
31.16272046,-103.3104775,2.232247271,2017-12-06
32.83905029,-100.9552449,0.240698198,2017-12-06
31.14756267,-103.586466,2.23698618,2017-12-07
32.82440186,-100.9531012,-0.082225077,2017-12-07
32.9397583,-100.8909346,0.148513955,2017-12-07
32.94891357,-100.8866473,2.508000622,2017-12-07
32.9397583,-100.8930783,1.002190909,2017-12-07
31.08734711,-103.5051349,1.181150377,2017-12-07
32.92694092,-100.8995093,1.48136815,2017-12-07
32.92602539,-100.8941502,0.511411644,2017-12-07
32.92877197,-100.895222,1.162689256,2017-12-07
32.93426514,-100.8909346,0.351488005,2017-12-07
31.02117283,-103.3140573,1.712231405,2017-12-08
32.83905029,-100.9573885,0.109335062,2017-12-08
32.93792725,-100.8909346,0.121994121,2017-12-08
31.35962785,-103.4591052,1.718718414,2017-12-08
32.94342041,-100.895222,0.093277426,2017-12-08
31.17146406,-103.5543464,1.497451348,2017-12-08
31.16387813,-103.5331988,1.286379701,2017-12-08
32.97088623,-100.908084,0.538200683,2017-12-08
31.37620357,-103.5116743,1.698698401,2017-12-09
31.2123124,-103.6796906,1.634601737,2017-12-09
32.93792725,-100.901653,0.985686495,2017-12-09
31.36078306,-103.4674199,1.752767263,2017-12-09
32.50579834,-97.15451124,1.706810955,2017-12-09
32.50579834,-97.13093083,1.91441273,2017-12-09
32.862854,-100.9423828,0.794896522,2017-12-10
32.86834717,-100.9338081,-0.268574378,2017-12-10
32.89764404,-100.8845036,0.121989279,2017-12-10
32.94158936,-100.9166587,0.09606372,2017-12-10
31.07239268,-103.204809,1.554868213,2017-12-10
32.94799805,-100.9112995,0.096100456,2017-12-10
32.89031982,-100.8930783,0.399825167,2017-12-10
32.89855957,-100.8834318,0.183357668,2017-12-10
32.95074463,-100.9123714,0.070836841,2017-12-10
31.45273469,-103.5559406,2.121983014,2017-12-10
32.82989502,-100.9380955,-0.165550355,2017-12-11
31.99493408,-102.3550638,1.88246041,2017-12-11
31.37526831,-103.4794791,1.998451648,2017-12-11
32.94342041,-100.8866473,0.1814164,2017-12-11
32.82623291,-100.9230897,0.257477705,2017-12-11
31.30258151,-103.402331,1.95928726,2017-12-11
32.93060303,-100.9252334,2.492319262,2017-12-11
31.32740076,-103.4033621,1.294473968,2017-12-11
31.16388004,-103.5749596,1.562060969,2017-12-12
28.50311279,-99.96266085,2.954301072,2017-12-12
31.12343667,-103.5653202,0.846718158,2017-12-12
32.94891357,-100.8995093,0.084830562,2017-12-12
32.87750244,-100.9273771,0.222447725,2017-12-12
31.37459606,-103.5146264,1.242229044,2017-12-13
32.96905518,-100.9145151,0.08556698,2017-12-13
32.95532227,-100.8941502,0.161995548,2017-12-13
31.3172634,-103.3830008,2.307821423,2017-12-13
31.19972901,-103.5546125,1.917140313,2017-12-13
31.20501423,-103.5527375,1.535297571,2017-12-13
31.36963524,-103.1655932,1.657252567,2017-12-13
31.37804233,-103.5127466,1.855559212,2017-12-13
31.36516937,-103.5020223,1.600580281,2017-12-13
31.07171134,-103.4858885,1.326926862,2017-12-14
35.93353271,-100.0589694,2.267372429,2017-12-14
32.69073486,-97.60468274,2.361781262,2017-12-14
32.86102295,-100.9423828,0.350669262,2017-12-14
31.43664889,-103.5543305,1.530386325,2017-12-14
32.89764404,-100.9230897,-0.125672312,2017-12-14
32.95440674,-100.8909346,0.803807132,2017-12-14
32.8427124,-100.9123714,-0.112388294,2017-12-15
32.84088135,-100.908084,0.372347495,2017-12-15
32.92694092,-100.9380955,0.466900845,2017-12-15
31.36240982,-103.4977318,2.185411957,2017-12-15
31.41043811,-103.4995788,1.566788607,2017-12-15
31.0882644,-103.5008547,1.988649161,2017-12-15
31.16178656,-103.3029846,2.924308257,2017-12-15
32.83905029,-100.9102277,-0.316700724,2017-12-15
32.87750244,-100.8995093,1.170314966,2017-12-15
32.96539307,-100.901653,0.113319859,2017-12-15
31.40746436,-103.5481593,1.326810795,2017-12-16
32.89581299,-100.8909346,0.981175784,2017-12-16
31.58644789,-103.8181157,1.491250856,2017-12-16
31.2150452,-103.2771268,1.498948317,2017-12-16
31.22270418,-103.5256819,1.554558861,2017-12-16
32.8729248,-100.8920065,1.143113283,2017-12-16
31.32002676,-103.3872859,1.208555447,2017-12-16
32.89764404,-100.9059404,-0.150442321,2017-12-16
32.89031982,-100.9488138,0.731760037,2017-12-16
31.2198871,-103.4313976,2.140488899,2017-12-16
32.85552979,-100.9402391,0.348688519,2017-12-16
32.94525146,-100.9252334,0.77091816,2017-12-16
31.37619489,-103.4923567,1.371048933,2017-12-17
31.18501843,-103.5910284,1.521360012,2017-12-17
31.27408552,-103.4013066,1.599665947,2017-12-17
31.53703688,-103.6524223,1.510005877,2017-12-17
31.30352736,-103.4259217,1.547337037,2017-12-17
31.12895181,-103.555687,1.36435589,2017-12-17
31.38076565,-103.4547895,2.000198489,2017-12-17
31.05890011,-103.3364213,3.0659081,2017-12-17
31.38310022,-103.5197204,1.354020321,2017-12-17
32.94525146,-100.9145151,1.059556161,2017-12-17
31.58116565,-103.6406348,1.702621768,2017-12-17
32.82623291,-100.9316644,1.675686129,2017-12-17
32.92144775,-100.9445265,0.145893971,2017-12-17
32.862854,-100.9423828,0.733466594,2017-12-17
33.09906006,-97.16094226,1.912508491,2017-12-17
31.39273006,-103.4751705,1.605799957,2017-12-18
31.5109894,-103.2622635,1.442506709,2017-12-18
31.16571853,-103.5738891,1.368461066,2017-12-18
32.94158936,-100.9037967,1.0736846,2017-12-18
32.94342041,-100.8995093,0.029223206,2017-12-18
32.8793335,-100.8866473,0.634151809,2017-12-18
31.35963193,-103.4644702,2.22873574,2017-12-18
31.24683678,-103.5720255,1.913879653,2017-12-18
32.85461426,-100.9391673,0.067578231,2017-12-18
32.93243408,-100.9059404,0.650029656,2017-12-19
32.93151855,-100.9091559,1.022666832,2017-12-19
31.99127197,-102.3121904,1.93327391,2017-12-19
32.85369873,-100.9423828,-0.306116423,2017-12-19
31.13865243,-103.2345349,2.552119953,2017-12-19
31.40033324,-103.514614,1.343831167,2017-12-19
32.85552979,-100.9466702,-0.158974522,2017-12-19
31.57747021,-103.6664439,1.432444226,2017-12-19
32.85369873,-100.9059404,-0.202493997,2017-12-19
32.73101807,-97.1416492,0.88233021,2017-12-19
32.89215088,-100.888791,0.441568465,2017-12-19
32.89581299,-100.8845036,-0.344599715,2017-12-19
32.84820557,-100.9552449,-0.250580581,2017-12-19
32.93792725,-100.9209461,1.086291892,2017-12-20
31.23649508,-103.5792575,1.467446328,2017-12-20
28.47381592,-98.97001379,1.470204759,2017-12-20
32.48016357,-97.16308594,1.046551378,2017-12-20
31.54609508,-103.7674722,1.210989663,2017-12-20
31.46399971,-103.3190774,2.215123776,2017-12-20
32.05627441,-102.2725324,1.254040218,2017-12-20
32.83172607,-100.9295208,-0.366513903,2017-12-20
31.53878352,-103.7395043,1.513626079,2017-12-20
31.5032959,-104.8749524,1.462483225,2017-12-20
31.1436144,-103.4529125,1.036857594,2017-12-20
31.35503521,-103.463402,1.578522803,2017-12-20
31.4092984,-103.5245403,1.225798132,2017-12-20
32.93151855,-100.9048685,0.908145906,2017-12-20
32.87384033,-100.9273771,2.342649704,2017-12-20
32.8692627,-100.9305926,0.055408865,2017-12-21
31.41296552,-103.6211649,1.481028463,2017-12-21
31.65985107,-104.3486804,1.461265245,2017-12-21
31.41940527,-103.6082848,1.194934524,2017-12-21
32.93884277,-100.9263053,-0.065816025,2017-12-21
31.50115629,-103.689999,1.18984491,2017-12-21
31.39086748,-103.4440445,1.049374693,2017-12-21
31.39574439,-103.5752648,0.883107268,2017-12-21
31.45733041,-103.5682929,1.33685813,2017-12-21
31.42208676,-103.4117941,0.475429041,2017-12-21
31.39964821,-103.5905624,0.812594888,2017-12-21
31.37732914,-103.4684768,1.044930788,2017-12-21
31.38446758,-103.6275862,0.780950261,2017-12-21
31.39550836,-103.6029054,1.073310778,2017-12-21
31.55727011,-103.6352378,1.444957804,2017-12-21
31.56416553,-103.632555,1.005009578,2017-12-21
32.89031982,-100.8802163,2.308247266,2017-12-21
32.87017822,-100.9595322,-0.201836783,2017-12-21
31.41687387,-103.5027957,1.36312882,2017-12-21
31.06620167,-103.4960548,1.262426584,2017-12-22
31.36600645,-103.4032978,1.171084536,2017-12-22
31.0680466,-103.5110295,1.271771782,2017-12-22
31.09240048,-103.5003171,1.450286791,2017-12-22
31.36697876,-103.455878,1.385438492,2017-12-22
31.44354117,-103.5811794,1.824251994,2017-12-22
31.24568835,-103.5578251,1.900080432,2017-12-22
31.0682854,-103.5514109,0.991817263,2017-12-22
31.18205332,-103.3264914,2.405025551,2017-12-22
31.43214769,-103.7468171,1.44511875,2017-12-23
31.39436502,-103.5403787,1.058293138,2017-12-23
31.47384037,-103.4640854,1.152351845,2017-12-23
31.47362791,-103.6287247,1.165406502,2017-12-23
32.92510986,-100.9273771,-0.029420624,2017-12-23
32.85552979,-100.9509575,1.626015993,2017-12-23
32.86651611,-100.9445265,1.520942163,2017-12-23
32.83538818,-100.9123714,0.056163583,2017-12-23
31.09818676,-103.2261135,2.285149161,2017-12-23
31.17178234,-103.2504842,2.22167034,2017-12-23
31.43868021,-103.6576949,1.414700974,2017-12-23
31.38885056,-103.5452099,1.355499361,2017-12-23
31.52133347,-103.3912146,1.613889716,2017-12-23
31.41104254,-103.719935,0.901124653,2017-12-24
31.43215535,-103.7414479,1.365925249,2017-12-24
31.24913321,-103.5832792,1.238591888,2017-12-24
31.25945614,-103.488153,1.78890235,2017-12-24
31.26497242,-103.4902927,1.467981942,2017-12-24
31.36052433,-103.4333516,0.986778874,2017-12-24
31.44032549,-103.5516454,1.266169606,2017-12-24
31.39571544,-103.4722159,1.26999052,2017-12-24
31.43943562,-103.7876408,1.709684293,2017-12-24
31.43026767,-103.7736589,1.681630247,2017-12-24
32.94525146,-100.895222,0.079302172,2017-12-25
31.5494447,-103.6540473,1.534250654,2017-12-25
32.94616699,-100.8920065,-0.192395555,2017-12-25
31.57920735,-103.7535638,2.054159101,2017-12-25
31.3467847,-103.4998879,1.74388187,2017-12-25
31.35229827,-103.4966656,1.653080481,2017-12-25
32.93609619,-100.9102277,0.370441439,2017-12-25
31.33736811,-103.5119625,1.340791118,2017-12-25
32.84637451,-100.9445265,1.20349929,2017-12-25
32.83538818,-100.9573885,0.104749647,2017-12-25
31.40745777,-103.6029108,1.309158081,2017-12-25
31.08849794,-103.5096815,2.360531187,2017-12-25
31.07861618,-103.5083495,2.07261145,2017-12-25
31.31458532,-103.664001,1.401439776,2017-12-25
32.89215088,-100.888791,-0.097042625,2017-12-25
32.94708252,-100.888791,1.813015406,2017-12-25
32.89123535,-100.8877191,0.226706613,2017-12-25
31.39827294,-103.5653357,1.669419383,2017-12-25
32.83538818,-100.9552449,0.662173338,2017-12-25
32.94616699,-100.8877191,0.359743275,2017-12-26
32.88665771,-100.8930783,-0.214321747,2017-12-26
31.39804274,-103.5484288,1.229212868,2017-12-26
32.85552979,-100.9402391,-0.140750318,2017-12-26
31.29710065,-103.4334369,1.298228851,2017-12-26
31.53851069,-103.2395996,1.700538683,2017-12-26
32.85186768,-100.9037967,0.194392844,2017-12-26
31.37021379,-103.4810931,1.153373058,2017-12-26
31.14043544,-103.5198239,2.257326732,2017-12-26
32.85552979,-100.9402391,0.02976432,2017-12-26
31.10549587,-103.4941556,1.662083303,2017-12-26
31.41319877,-103.6133813,2.01845619,2017-12-27
31.39275719,-103.5739226,1.751304348,2017-12-27
31.41022084,-103.5395702,1.694509132,2017-12-27
31.40217947,-103.5656043,1.76337229,2017-12-27
31.1604131,-103.3056652,1.626601438,2017-12-27
31.27325234,-103.614642,1.188412467,2017-12-27
31.40103025,-103.5696298,1.666280194,2017-12-27
31.25600658,-103.4836003,1.691296944,2017-12-27
31.3860845,-103.5108643,1.99349533,2017-12-27
32.85369873,-100.9380955,0.022474779,2017-12-27
31.18845543,-103.3093385,1.951201364,2017-12-27
31.18113991,-103.3297066,2.78690488,2017-12-27
31.23714677,-103.4595041,1.433449781,2017-12-28
31.28326651,-103.392714,1.384681842,2017-12-28
32.87200928,-100.895222,0.490430202,2017-12-28
32.95806885,-100.8780726,2.020573658,2017-12-28
32.94891357,-100.8866473,1.113335127,2017-12-28
31.64520264,-104.2865139,1.445642763,2017-12-28
31.31368865,-103.6307528,1.671757351,2017-12-28
32.87384033,-100.8930783,0.147766847,2017-12-28
32.85369873,-100.9423828,0.89043035,2017-12-29
32.87384033,-100.8930783,-0.296369097,2017-12-29
31.38168827,-103.4590815,1.244730786,2017-12-29
32.94708252,-100.8823599,0.144804732,2017-12-29
32.73742676,-101.0892245,2.194624998,2017-12-29
32.94525146,-100.9230897,1.379793642,2017-12-29
31.23740126,-103.621051,1.590834149,2017-12-29
31.21559658,-103.3226587,1.468187673,2017-12-29
31.1201599,-103.193927,2.248473115,2017-12-29
31.71155456,-103.3564045,1.509952857,2017-12-30
29.02862549,-97.85121783,1.807288566,2017-12-30
31.21213642,-103.5390775,0.962613095,2017-12-30
31.41206028,-103.5481587,1.526089056,2017-12-30
31.51837666,-103.2772877,1.93025765,2017-12-30
31.17733006,-103.2643883,1.867161373,2017-12-30
31.17268595,-103.2440559,2.1869025,2017-12-30
31.18239165,-103.26705,1.891647666,2017-12-30
32.86193848,-100.93488,-0.094938146,2017-12-31
31.42661495,-103.7586176,1.550404614,2017-12-31
31.27486677,-103.8065398,1.226102548,2017-12-31
31.42121806,-103.4654813,1.011713164,2017-12-31
31.26952409,-103.432402,1.853032805,2017-12-31
31.4053654,-103.4700598,1.71429842,2017-12-31
31.38905043,-103.4708804,1.044230649,2017-12-31
31.4450724,-103.4171277,1.358459979,2017-12-31
31.40744043,-103.480525,1.144878891,2017-12-31
31.64428711,-104.358327,2.086852635,2017-12-31
32.95349121,-100.9005812,0.154814331,2017-12-31
28.98651123,-97.55342371,1.932373367,2018-01-01
31.64703369,-104.5244617,1.239917743,2018-01-01
31.35802665,-103.4690321,1.513164637,2018-01-01
31.6506958,-104.5266054,1.442382927,2018-01-01
31.09436669,-103.3871629,1.498902541,2018-01-01
31.15342896,-103.2633923,1.980758995,2018-01-01
31.18758175,-103.3339752,1.440391692,2018-01-02
31.23920683,-103.4495892,1.404809233,2018-01-02
32.94891357,-100.8973657,1.445710383,2018-01-02
31.23373548,-103.5899728,3.199454232,2018-01-02
31.37435109,-103.4826994,1.560408943,2018-01-02
31.42570871,-103.7500256,1.643577784,2018-01-03
29.01031494,-97.9587546,1.894174754,2018-01-03
31.30587645,-103.6291384,1.255066031,2018-01-03
31.36510226,-103.4161762,0.943911838,2018-01-03
31.38630113,-103.4837629,1.287734348,2018-01-03
31.43313984,-103.4332537,0.944396269,2018-01-03
31.38353072,-103.464446,1.397195019,2018-01-03
31.06874141,-103.528412,0.424692531,2018-01-03
31.07609435,-103.5262699,0.664342865,2018-01-03
31.63787842,-104.3551115,1.43364387,2018-01-03
31.09769846,-103.5428479,0.456109602,2018-01-03
32.85095215,-100.9220179,3.302425982,2018-01-04
31.09743536,-103.298879,1.440760336,2018-01-04
31.17742318,-103.3082968,2.434082831,2018-01-04
31.17284572,-103.317947,1.849855671,2018-01-04
31.49885224,-103.6959062,0.949440631,2018-01-04
32.87750244,-100.9509575,-0.048444696,2018-01-04
31.38613066,-103.2296549,2.511611436,2018-01-04
31.22887592,-103.2974444,1.48621105,2018-01-04
30.96579639,-103.5669142,0.274506307,2018-01-04
31.36995772,-103.4459482,1.557956074,2018-01-05
31.65435791,-104.5244617,1.739898185,2018-01-05
31.20545299,-103.4863194,1.314969613,2018-01-05
31.01645647,-103.2574056,1.608884076,2018-01-05
31.16074705,-103.2483788,1.636765027,2018-01-05
32.94891357,-100.9209461,0.302016065,2018-01-05
32.85919189,-100.9423828,0.172668083,2018-01-05
31.0995779,-103.2309239,1.218546782,2018-01-05
31.10045628,-103.5449875,1.482884269,2018-01-05
31.34817119,-103.5197354,1.592024056,2018-01-06
32.8994751,-100.8845036,-0.385010535,2018-01-06
32.89398193,-100.888791,0.137241584,2018-01-06
32.90313721,-100.8802163,-0.450978487,2018-01-06
31.96563721,-102.3121904,1.42182175,2018-01-06
31.40924723,-103.4397274,1.419656551,2018-01-06
31.25532127,-103.4908357,1.426021329,2018-01-06
28.84735107,-98.22139246,3.565505346,2018-01-06
31.66442871,-104.351896,1.590908497,2018-01-06
32.85186768,-100.9166587,0.289366685,2018-01-06
31.65985107,-104.3358184,1.744045979,2018-01-06
31.65802002,-104.3401058,1.416938205,2018-01-07
31.08825758,-103.4874805,1.495104668,2018-01-07
28.8381958,-98.21725643,2.254534311,2018-01-07
31.64520264,-104.3529678,1.699848889,2018-01-07
31.40903627,-103.4620045,1.236041456,2018-01-07
28.87390137,-98.22035846,2.785091706,2018-01-07
31.10505052,-103.5342856,1.382010196,2018-01-07
32.82073975,-100.9723942,1.313135396,2018-01-07
31.18478297,-103.8084468,1.654687814,2018-01-07
31.39435835,-103.5140802,1.421232657,2018-01-07
31.40076361,-103.4620131,1.319732871,2018-01-07
31.44725894,-103.7817527,1.645796361,2018-01-07
31.37276012,-103.5221395,1.725486229,2018-01-07
32.81707764,-100.9638196,2.204111466,2018-01-07
31.21903179,-103.5674684,1.912321862,2018-01-08
31.1681742,-103.8394575,1.600212788,2018-01-08
31.17183447,-103.8469645,1.585483884,2018-01-08
31.41619055,-103.6013043,0.85497517,2018-01-08
31.18205729,-103.7913036,1.56465338,2018-01-08
31.4326303,-103.7301734,1.463130493,2018-01-08
31.42652736,-103.5076218,1.490212713,2018-01-08
31.39824587,-103.476239,1.368316892,2018-01-08
31.18286936,-103.844856,1.707131463,2018-01-08
31.17507382,-103.8368006,1.544967262,2018-01-08
31.48923852,-103.6534496,0.922573546,2018-01-08
31.17092942,-103.8405365,1.366960199,2018-01-08
31.26903067,-103.4018511,1.34273885,2018-01-08
31.21535439,-103.5449693,1.471633791,2018-01-08
31.19076634,-103.5463121,1.591009137,2018-01-08
31.50846917,-103.7254748,1.679740773,2018-01-08
31.49697869,-103.7259918,1.79519034,2018-01-08
32.87200928,-100.9380955,0.132832848,2018-01-08
31.28337351,-103.5792671,1.343392064,2018-01-08
31.16448814,-103.8437298,1.881405663,2018-01-08
31.2022474,-103.8084927,2.248023472,2018-01-08
32.94708252,-100.9123714,0.545309603,2018-01-09
31.38354097,-103.479472,1.328913635,2018-01-09
31.18112643,-103.7977273,1.700923031,2018-01-09
32.86102295,-100.9552449,0.24480932,2018-01-09
31.17733509,-103.8534069,1.433485152,2018-01-09
31.38699372,-103.4893973,1.449065108,2018-01-09
31.39986919,-103.5033428,1.363844042,2018-01-09
31.38630756,-103.4955694,0.857921895,2018-01-09
31.18382745,-103.8266516,1.644331152,2018-01-09
31.19401046,-103.7891906,1.392146567,2018-01-09
28.70269775,-98.03733915,2.408704823,2018-01-09
31.1709455,-103.8330405,2.149957987,2018-01-09
31.18389361,-103.3275579,1.739771155,2018-01-09
31.17554816,-103.829841,2.449791995,2018-01-09
31.17462222,-103.8330511,2.347721141,2018-01-09
31.18386379,-103.8084443,1.349317601,2018-01-09
31.19021566,-103.8480914,1.484510192,2018-01-09
31.19302366,-103.8245353,2.005892875,2018-01-09
31.17922934,-103.8277096,2.196864946,2018-01-09
31.17512221,-103.8132405,1.845722051,2018-01-09
31.18385126,-103.8148704,2.018407433,2018-01-09
29.00299072,-97.9173943,3.038394568,2018-01-09
31.17921356,-103.8352063,2.188343763,2018-01-09
31.18474219,-103.8287962,1.972681706,2018-01-09
31.18014852,-103.8277122,1.500857298,2018-01-09
31.17458722,-103.8491147,2.119413565,2018-01-10
32.85186768,-100.9059404,-0.232715893,2018-01-10
31.17464661,-103.8212711,1.983245888,2018-01-10
31.17833829,-103.8137846,1.031292275,2018-01-10
31.17829666,-103.8341327,1.664714145,2018-01-10
32.83355713,-100.9295208,0.713758879,2018-01-10
31.17832115,-103.8223522,2.271213082,2018-01-10
31.15995888,-103.8115938,1.140955983,2018-01-10
31.16954008,-103.8453513,1.267836021,2018-01-10
31.3725333,-103.5342126,1.12379299,2018-01-10
28.98376465,-97.89774816,2.209313294,2018-01-10
31.18567459,-103.8223726,1.397543208,2018-01-10
31.17462673,-103.8309093,2.527200564,2018-01-10
31.05540644,-103.5075599,1.410553436,2018-01-10
31.17001948,-103.8362504,2.235687287,2018-01-10
31.17830345,-103.8309198,2.229576456,2018-01-10
31.42982457,-103.7634566,1.420500894,2018-01-11
31.15545609,-103.87395,1.965035532,2018-01-11
31.17092474,-103.8426783,1.694806549,2018-01-11
31.18862141,-103.4185873,1.920479829,2018-01-11
31.17186013,-103.8351849,1.863312981,2018-01-11
31.17005503,-103.8191167,1.777694199,2018-01-12
31.43297181,-103.5709754,1.510717363,2018-01-12
31.1436556,-103.5310634,1.321509285,2018-01-12
31.20776978,-103.5361324,1.457404224,2018-01-12
32.83172607,-100.9230897,-0.025520679,2018-01-12
31.18244088,-103.8303962,1.612808703,2018-01-12
31.57887483,-103.6282643,1.651615619,2018-01-12
31.17099113,-103.8105523,1.387300611,2018-01-12
31.17190403,-103.8137673,0.955044635,2018-01-13
33.09173584,-97.03232184,2.114944911,2018-01-13
31.0737998,-103.5760151,0.601546223,2018-01-13
32.84820557,-100.9745379,0.361581495,2018-01-13
31.19949804,-103.8042007,0.849758414,2018-01-13
31.27602032,-103.5428155,1.150842848,2018-01-13
31.3256111,-103.6693763,1.382747487,2018-01-13
31.42124058,-103.5041351,1.575113374,2018-01-13
31.4221667,-103.5964752,1.198963396,2018-01-14
31.45227499,-103.5666814,1.40699477,2018-01-14
32.89215088,-100.9037967,2.360944123,2018-01-14
31.21259227,-103.5974655,1.45661484,2018-01-14
32.85095215,-100.9220179,0.490528755,2018-01-14
31.15741887,-103.4753819,1.312366024,2018-01-15
33.71795654,-100.7773199,2.23578778,2018-01-15
32.95257568,-100.9209461,1.954112129,2018-01-15
32.95623779,-100.9166587,1.461092969,2018-01-15
31.39849976,-103.5317902,1.232546971,2018-01-15
32.50030518,-97.16094226,1.793490482,2018-01-15
31.18842335,-103.8266645,1.754476303,2018-01-15
31.11493128,-103.3148843,1.580694586,2018-01-16
31.04530153,-103.594191,1.214027619,2018-01-16
28.77593994,-98.19037224,2.927119381,2018-01-16
31.1700101,-103.2794033,1.595245455,2018-01-16
31.35966707,-103.5524574,1.076799318,2018-01-16
31.05383383,-103.1460531,1.490688243,2018-01-16
31.57290206,-103.6244958,1.606618957,2018-01-16
32.86651611,-100.9316644,0.168690654,2018-01-16
32.94708252,-100.9252334,0.033876637,2018-01-17
32.84454346,-100.9466702,-0.030997061,2018-01-17
32.94891357,-100.9209461,0.401371177,2018-01-17
32.87750244,-100.9295208,-0.444679267,2018-01-17
31.19757372,-103.2739656,2.371166784,2018-01-17
32.87841797,-100.9327363,0.00205941,2018-01-17
32.86834717,-100.9316644,-0.091219713,2018-01-17
32.8692627,-100.9434546,-0.263140069,2018-01-17
31.26430163,-103.56774,1.850467612,2018-01-17
31.36333418,-103.6104021,1.335282838,2018-01-17
31.06666761,-103.5104953,1.405549398,2018-01-17
31.04282756,-103.1535871,1.583377027,2018-01-17
32.87200928,-100.9295208,-0.720870481,2018-01-17
32.84454346,-100.9466702,0.387862317,2018-01-17
31.36150465,-103.5438729,1.826515096,2018-01-18
31.45226435,-103.3107834,1.423532737,2018-01-18
31.27139103,-103.4656317,1.596781111,2018-01-18
31.02629585,-103.1579348,1.800184886,2018-01-18
31.37247786,-103.4376282,1.135420486,2018-01-19
32.85552979,-100.9059404,0.11661164,2018-01-19
31.42203512,-103.7478707,1.805445561,2018-01-19
31.386323,-103.5470886,1.195737725,2018-01-19
32.93792725,-100.9231567,0.782445485,2018-01-19
31.37340104,-103.4419197,1.880855903,2018-01-19
32.85736084,-100.9338081,1.105766341,2018-01-19
31.40470432,-103.5320567,1.804098286,2018-01-19
31.37620682,-103.5213332,1.609505728,2018-01-19
31.04784901,-103.324683,1.575863458,2018-01-20
31.42216949,-103.5352727,1.480651613,2018-01-20
31.43687853,-103.5685596,1.340771109,2018-01-20
31.37804453,-103.519186,1.608611762,2018-01-20
31.43158265,-103.507082,1.555032103,2018-01-20
31.18013032,-103.2836571,1.987748948,2018-01-20
31.17673653,-103.502138,0.940552145,2018-01-21
31.43136369,-103.5621161,1.35757201,2018-01-21
31.23649474,-103.5814008,1.655079408,2018-01-21
31.40884362,-103.5562109,0.925758038,2018-01-21
31.4458404,-103.5709769,1.580631725,2018-01-21
31.39367515,-103.537427,1.130161672,2018-01-21
31.25211942,-103.5889068,1.355881024,2018-01-21
31.41274225,-103.6053289,1.633140255,2018-01-21
32.85003662,-100.9102277,3.045686882,2018-01-21
31.41617798,-103.4896438,1.396184483,2018-01-21
32.84820557,-100.9188024,1.030112931,2018-01-22
31.22683547,-103.6097934,1.494400586,2018-01-22
31.38632108,-103.5857281,1.541802122,2018-01-22
31.43227537,-103.5159409,1.092757064,2018-01-22
31.04789808,-103.1583781,1.964224733,2018-01-22
31.23736754,-103.4485198,1.27701337,2018-01-22
32.95257568,-100.901653,1.870512444,2018-01-22
31.39455932,-103.4622879,2.070564534,2018-01-22
31.25759143,-103.4506396,1.277189272,2018-01-22
32.82989502,-100.9230897,2.061401495,2018-01-23
32.83538818,-100.9295208,1.538043818,2018-01-23
31.35550939,-103.4853973,1.707632888,2018-01-23
32.93060303,-100.9273771,0.398976552,2018-01-23
31.39735323,-103.5728498,1.9929783,2018-01-23
31.34677926,-103.4891592,1.270853666,2018-01-23
31.37524788,-103.4515761,1.925902254,2018-01-23
32.82989502,-100.9273771,0.21648991,2018-01-23
31.37988934,-103.557822,1.571364881,2018-01-23
32.82897949,-100.9263053,0.162105446,2018-01-23
32.82806396,-100.9273771,0.22477802,2018-01-23
32.83172607,-100.9230897,1.782204906,2018-01-23
32.82989502,-100.9252334,-0.244577831,2018-01-23
31.35871661,-103.4698362,2.069205239,2018-01-23
32.82989502,-100.9273771,0.50462817,2018-01-23
31.34219527,-103.5159831,1.399327728,2018-01-23
31.38446339,-103.4848377,1.987611079,2018-01-23
31.39225234,-103.4510198,1.112269545,2018-01-23
31.21321617,-103.2814177,1.211200793,2018-01-23
32.83172607,-100.9273771,-0.131387526,2018-01-23
31.18652184,-103.2643596,1.50954901,2018-01-23
31.31738474,-103.5567509,1.851829876,2018-01-23
32.85919189,-100.9466702,0.733205615,2018-01-24
31.18772687,-103.443223,0.963857042,2018-01-24
32.94891357,-100.9037967,-0.251608888,2018-01-24
31.07470975,-103.508619,1.075389711,2018-01-24
31.64736686,-104.3311546,1.322547326,2018-01-24
32.51495361,-97.15236757,1.307052596,2018-01-24
31.27681492,-103.3798606,1.212051015,2018-01-24
31.09218433,-103.5663884,1.21701127,2018-01-24
32.85919189,-96.9294255,1.866549677,2018-01-24
31.36049522,-103.4065261,1.137468142,2018-01-24
31.34858787,-103.4473152,1.710691412,2018-01-25
31.40744659,-103.4912606,1.062377484,2018-01-25
31.15721562,-103.3158456,1.701939891,2018-01-25
32.95532227,-100.9198742,1.816037879,2018-01-25
32.95532227,-100.9112995,0.195336641,2018-01-25
32.82989502,-100.9252334,-0.06924088,2018-01-25
32.83172607,-100.9145151,3.283186154,2018-01-25
32.82989502,-100.9209461,1.874286686,2018-01-25
32.83721924,-100.9273771,1.349259823,2018-01-25
32.83905029,-100.9252334,0.754213852,2018-01-25
31.4326065,-103.7473549,1.586360838,2018-01-25
31.19198341,-103.2418491,1.678119503,2018-01-26
31.10479312,-103.300999,1.681859245,2018-01-26
31.3835283,-103.4612261,1.54594594,2018-01-26
31.39021231,-103.4920783,2.318668717,2018-01-26
31.39619382,-103.5065653,1.191822358,2018-01-26
31.41748968,-103.7092092,0.991253141,2018-01-26
28.85101318,-98.2131204,2.459808074,2018-01-27
32.83905029,-100.9166587,0.232018581,2018-01-27
32.87017822,-100.9338081,0.985328487,2018-01-27
32.87200928,-100.9316644,1.11485835,2018-01-27
31.56434265,-103.2803749,1.886582211,2018-01-27
31.42859863,-103.5159426,2.005675651,2018-01-27
31.09126231,-103.5877877,1.339175802,2018-01-27
31.16431967,-103.6333179,1.17828246,2018-01-28
32.85552979,-100.9488138,1.154460028,2018-01-28
32.93426514,-100.888791,2.130284122,2018-01-28
31.08091191,-103.6169382,1.768682897,2018-01-28
32.82989502,-100.9123714,-0.351566103,2018-01-28
31.49750208,-103.6652783,1.179656822,2018-01-28
32.92877197,-100.8823599,-0.474426998,2018-01-28
32.82989502,-100.9166587,0.704678745,2018-01-28
32.84088135,-100.9338081,1.317970203,2018-01-28
31.25374553,-103.3241705,1.595828887,2018-01-29
32.84362793,-100.9563167,-0.022310072,2018-01-29
32.83905029,-100.9230897,0.162623395,2018-01-29
31.21075479,-103.5942508,1.041042656,2018-01-29
32.88116455,-100.9273771,-0.668020848,2018-01-30
32.94158936,-100.9230897,0.753910773,2018-01-30
31.38833704,-103.4410959,1.154064456,2018-01-30
31.34673969,-103.4365888,1.926834342,2018-01-30
31.3825909,-103.4397616,1.339521319,2018-01-30
31.23831993,-103.6221232,0.808908244,2018-01-30
32.88299561,-100.8973657,0.355292109,2018-01-30
31.38263903,-103.5148909,1.531373281,2018-01-30
31.121589,-103.5107342,0.995507832,2018-01-30
31.3657978,-103.4218089,1.714462636,2018-01-31
32.88482666,-100.8995093,1.06041053,2018-01-31
32.84088135,-100.9209461,3.460990772,2018-01-31
32.83172607,-100.9316644,1.548660678,2018-01-31
31.4047062,-103.542792,1.086840666,2018-01-31
31.20455406,-103.5741626,1.317866203,2018-01-31
32.83538818,-100.9295208,1.828881884,2018-01-31
31.39551388,-103.5395734,0.015733366,2018-01-31
32.83905029,-100.9316644,1.484304946,2018-01-31
31.37984106,-103.448351,1.61129978,2018-01-31
31.55037,-103.2051525,1.441508234,2018-01-31
32.83172607,-100.9338081,1.319227518,2018-01-31
32.83172607,-100.9316644,0.489701006,2018-01-31
31.15833805,-103.4753811,1.44726714,2018-02-01
31.2419671,-103.452801,1.48731702,2018-02-01
31.15880965,-103.49626,0.46676816,2018-02-01
31.09834801,-103.2956663,1.26042225,2018-02-01
31.3924203,-103.2647864,1.963343824,2018-02-01
31.1222671,-103.4869193,1.755664897,2018-02-02
32.85552979,-100.9531012,0.615032752,2018-02-02
32.83905029,-100.9188024,1.487844191,2018-02-02
32.84454346,-100.9831126,0.099296263,2018-02-02
33.11004639,-97.0601896,1.865562119,2018-02-02
31.28337351,-103.5792671,1.62558689,2018-02-03
31.42056008,-103.5312467,1.78724993,2018-02-03
31.24086197,-103.5468406,1.845158177,2018-02-03
31.64703369,-104.5330364,1.484020915,2018-02-03
31.6506958,-104.5266054,1.928668375,2018-02-03
31.65802002,-104.5351801,1.815314548,2018-02-03
31.39827301,-103.5567481,1.092769332,2018-02-03
31.64886475,-104.5073123,1.529399182,2018-02-03
32.85186768,-100.9788253,1.41994121,2018-02-03
32.86102295,-100.9359518,0.268711706,2018-02-04
32.88391113,-100.960604,-0.035315359,2018-02-04
31.38264045,-103.519184,1.262012131,2018-02-04
31.18041641,-103.5096326,0.745470453,2018-02-04
31.14603762,-103.2473566,1.676440359,2018-02-04
31.13170233,-103.5171515,1.304118025,2018-02-05
31.65802002,-104.5266054,1.243278444,2018-02-05
31.23281933,-103.5492528,1.584471222,2018-02-05
31.62710479,-104.5402916,1.6479688,2018-02-05
31.00837704,-103.3557828,0.871914782,2018-02-05
31.33019238,-103.6854718,1.411449538,2018-02-05
32.92785645,-100.8834318,1.636839767,2018-02-05
32.92419434,-100.8920065,0.963710455,2018-02-05
32.94342041,-100.8866473,0.185792122,2018-02-05
32.92510986,-100.8866473,-0.156809218,2018-02-05
31.10229508,-103.5492676,0.587171266,2018-02-06
31.37526764,-103.4784059,1.126468495,2018-02-06
31.48831777,-103.6555976,1.46492613,2018-02-06
31.02995239,-103.1515036,1.36837607,2018-02-06
32.91778564,-100.8909346,0.470939947,2018-02-06
31.38723166,-103.506302,1.517865685,2018-02-06
31.38447916,-103.5202565,1.621562684,2018-02-06
31.0384049,-103.516659,0.574451118,2018-02-06
31.03610312,-103.5065012,1.300713277,2018-02-06
31.31736822,-103.6253929,1.212785337,2018-02-06
31.40099197,-103.4601343,1.50696363,2018-02-06
31.40538967,-103.5172954,1.76405,2018-02-06
31.38908076,-103.570702,0.924069972,2018-02-07
31.41986795,-103.5991586,0.915142188,2018-02-07
31.20064552,-103.5331884,1.404068281,2018-02-07
31.41751477,-103.4343485,0.969059116,2018-02-07
31.26579791,-103.7304079,1.152750236,2018-02-07
31.37470537,-103.1704013,1.86448994,2018-02-07
31.5263753,-103.738943,0.939245344,2018-02-07
31.49700928,-103.7002018,2.250501984,2018-02-07
31.49581211,-103.7391533,2.145638899,2018-02-07
31.51859351,-103.7147444,1.155248541,2018-02-07
31.13989993,-103.414378,1.044540032,2018-02-07
32.80792236,-100.9488138,0.096542309,2018-02-07
31.41940081,-103.6190217,1.381755092,2018-02-07
31.20432289,-103.5364011,1.570521906,2018-02-08
31.23822235,-103.389579,1.42897742,2018-02-08
31.4166237,-103.4676333,1.200861377,2018-02-08
31.35964664,-103.4870035,1.419997516,2018-02-08
31.32196303,-103.6275413,1.104550406,2018-02-08
31.03176336,-103.1429414,1.519169481,2018-02-08
31.19217953,-103.3350353,2.047119881,2018-02-08
31.3550344,-103.462329,2.063083735,2018-02-08
32.83996582,-100.9091559,0.303161421,2018-02-08
31.38540446,-103.5610418,2.045460189,2018-02-09
32.88848877,-100.8823599,0.469997692,2018-02-09
32.91778564,-100.9380955,0.569727305,2018-02-09
31.38901143,-103.4257998,1.477499339,2018-02-09
32.82440186,-100.9188024,-0.50186809,2018-02-10
33.23272705,-100.8351991,1.29180598,2018-02-10
31.35139455,-103.5556768,0.895022274,2018-02-10
32.89031982,-100.8759289,0.134275199,2018-02-10
31.24693781,-103.7426987,1.123508362,2018-02-10
31.35733031,-103.4596441,2.179095266,2018-02-10
29.00299072,-97.86982996,1.497538253,2018-02-10
31.36517723,-103.5234839,1.558520761,2018-02-10
31.3816891,-103.4601548,1.239288242,2018-02-10
31.24017318,-103.5642551,1.164492682,2018-02-10
31.37252187,-103.4998715,2.162165147,2018-02-11
31.23465173,-103.600689,1.47958187,2018-02-11
31.36420622,-103.438712,1.22434134,2018-02-11
31.18652184,-103.2643596,2.339443509,2018-02-11
32.85736084,-100.9445265,2.649960811,2018-02-11
31.18104025,-103.2793705,3.043521952,2018-02-11
29.02313232,-97.84501379,2.018407334,2018-02-11
31.18650946,-103.2590044,1.593710434,2018-02-11
31.03729248,-104.725967,2.633482729,2018-02-11
32.83813477,-100.9112995,-0.8660798871,2018-02-12
31.36307747,-103.4625889,1.165784269,2018-02-12
31.5341891,-103.7384205,1.525920082,2018-02-12
31.31268721,-103.3980242,1.963283103,2018-02-12
32.83721924,-100.9531012,0.10849716,2018-02-12
31.40283359,-103.4644263,1.308653803,2018-02-12
29.00756836,-97.88740809,2.629467192,2018-02-12
29.01580811,-97.8470818,2.171113234,2018-02-12
29.0222168,-97.84604779,2.385785308,2018-02-12
29.012146,-97.84914982,2.250807615,2018-02-12
31.17189767,-103.81698,1.612522522,2018-02-12
28.99383545,-97.90912224,3.236303322,2018-02-12
28.97735596,-97.90085018,1.524955801,2018-02-12
31.48545861,-103.3719391,1.279760893,2018-02-13
31.40466087,-103.4504686,1.184844828,2018-02-13
33.08166504,-97.01624428,1.917415739,2018-02-13
31.39573552,-103.5097858,1.274045746,2018-02-13
33.09173584,-97.0108851,2.879568563,2018-02-13
30.91182739,-103.3346308,1.336867408,2018-02-13
31.39274929,-103.5127392,1.075430659,2018-02-13
33.08807373,-97.00445408,2.234759587,2018-02-13
31.08457334,-103.4751795,2.147939374,2018-02-14
32.89031982,-100.901653,0.435081935,2018-02-14
31.21423999,-103.7849542,1.253454938,2018-02-14
32.84088135,-100.9102277,0.582782121,2018-02-14
32.83721924,-100.9145151,0.723869685,2018-02-14
31.27233024,-103.4988634,1.116720804,2018-02-14
31.25578336,-103.4956586,1.4165799,2018-02-14
31.11788158,-103.458293,1.209702242,2018-02-14
31.32928312,-103.445193,1.515915801,2018-02-14
32.84088135,-100.9766816,1.7274744,2018-02-14
